Epoch_UTC,0.3_Bin,0.5_Bin,1.0_Bin,2.5_Bin,5.0_Bin,10.0_Bin,PM_1.0_SP,PM_2.5_SP,PM_10.0_SP,PM_1.0_AM,PM_2.5_AM,PM_10.0_AM
1621526905.1031,804.0000,248.0000,36.0000,0.0000,0.0000,0.0000,4.0000,6.0000,6.0000,4.0000,6.0000,6.0000
1621526905.6131,804.0000,248.0000,36.0000,0.0000,0.0000,0.0000,3.0000,5.0000,5.0000,3.0000,5.0000,5.0000
1621526906.4521,846.0000,262.0000,42.0000,0.0000,0.0000,0.0000,3.0000,5.0000,5.0000,3.0000,5.0000,5.0000
1621526907.3601,846.0000,262.0000,42.0000,0.0000,0.0000,0.0000,3.0000,5.0000,5.0000,3.0000,5.0000,5.0000
1621526908.1991,846.0000,262.0000,42.0000,0.0000,0.0000,0.0000,3.0000,5.0000,5.0000,3.0000,5.0000,5.0000
1621526909.0381,864.0000,268.0000,36.0000,1.0000,0.0000,0.0000,3.0000,5.0000,5.0000,3.0000,5.0000,5.0000
1621526909.9461,864.0000,268.0000,36.0000,1.0000,0.0000,0.0000,3.0000,5.0000,5.0000,3.0000,5.0000,5.0000
1621526910.7851,864.0000,268.0000,36.0000,1.0000,0.0000,0.0000,4.0000,6.0000,6.0000,4.0000,6.0000,6.0000
1621526911.6231,822.0000,255.0000,32.0000,1.0000,0.0000,0.0000,4.0000,6.0000,6.0000,4.0000,6.0000,6.0000
1621526912.5321,822.0000,255.0000,32.0000,1.0000,0.0000,0.0000,4.0000,6.0000,6.0000,4.0000,6.0000,6.0000
1621526913.3701,822.0000,255.0000,32.0000,1.0000,0.0000,0.0000,4.0000,6.0000,6.0000,4.0000,6.0000,6.0000
1621526914.2091,816.0000,254.0000,32.0000,1.0000,0.0000,0.0000,4.0000,6.0000,6.0000,4.0000,6.0000,6.0000
1621526915.1171,816.0000,254.0000,32.0000,1.0000,0.0000,0.0000,4.0000,6.0000,6.0000,4.0000,6.0000,6.0000
1621526915.9571,816.0000,254.0000,32.0000,1.0000,0.0000,0.0000,4.0000,6.0000,6.0000,4.0000,6.0000,6.0000
1621526916.7951,810.0000,254.0000,28.0000,1.0000,0.0000,0.0000,4.0000,5.0000,5.0000,4.0000,5.0000,5.0000
1621526917.7041,810.0000,254.0000,28.0000,1.0000,0.0000,0.0000,4.0000,5.0000,5.0000,4.0000,5.0000,5.0000
1621526918.5431,810.0000,254.0000,28.0000,1.0000,0.0000,0.0000,4.0000,5.0000,5.0000,4.0000,5.0000,5.0000
1621526919.3811,798.0000,250.0000,30.0000,1.0000,0.0000,0.0000,4.0000,5.0000,5.0000,4.0000,5.0000,5.0000
1621526920.2891,798.0000,250.0000,30.0000,1.0000,0.0000,0.0000,4.0000,5.0000,5.0000,4.0000,5.0000,5.0000
1621526921.1281,798.0000,250.0000,30.0000,1.0000,0.0000,0.0000,4.0000,5.0000,5.0000,4.0000,5.0000,5.0000
1621526921.9671,747.0000,231.0000,29.0000,1.0000,0.0000,0.0000,4.0000,5.0000,5.0000,4.0000,5.0000,5.0000
1621526922.8751,747.0000,231.0000,29.0000,1.0000,0.0000,0.0000,4.0000,5.0000,5.0000,4.0000,5.0000,5.0000
1621526923.7141,747.0000,231.0000,29.0000,1.0000,0.0000,0.0000,4.0000,5.0000,5.0000,4.0000,5.0000,5.0000
1621526924.5521,750.0000,238.0000,31.0000,1.0000,0.0000,0.0000,4.0000,5.0000,5.0000,4.0000,5.0000,5.0000
1621526925.4611,750.0000,238.0000,31.0000,1.0000,0.0000,0.0000,4.0000,5.0000,5.0000,4.0000,5.0000,5.0000
1621526926.2991,750.0000,238.0000,31.0000,1.0000,0.0000,0.0000,4.0000,5.0000,5.0000,4.0000,5.0000,5.0000
1621526927.1381,768.0000,248.0000,30.0000,1.0000,0.0000,0.0000,4.0000,5.0000,5.0000,4.0000,5.0000,5.0000
1621526928.0461,768.0000,248.0000,30.0000,1.0000,0.0000,0.0000,4.0000,5.0000,5.0000,4.0000,5.0000,5.0000
1621526928.8851,768.0000,248.0000,30.0000,1.0000,0.0000,0.0000,4.0000,5.0000,5.0000,4.0000,5.0000,5.0000
1621526929.7241,735.0000,237.0000,30.0000,1.0000,0.0000,0.0000,4.0000,5.0000,5.0000,4.0000,5.0000,5.0000
1621526930.6321,735.0000,237.0000,30.0000,1.0000,0.0000,0.0000,4.0000,5.0000,5.0000,4.0000,5.0000,5.0000
1621526931.4711,735.0000,237.0000,30.0000,1.0000,0.0000,0.0000,4.0000,5.0000,5.0000,4.0000,5.0000,5.0000
1621526932.3091,684.0000,220.0000,24.0000,1.0000,0.0000,0.0000,4.0000,5.0000,5.0000,4.0000,5.0000,5.0000
1621526933.2171,684.0000,220.0000,24.0000,1.0000,0.0000,0.0000,4.0000,5.0000,5.0000,4.0000,5.0000,5.0000
1621526934.0561,684.0000,220.0000,24.0000,1.0000,0.0000,0.0000,4.0000,5.0000,5.0000,4.0000,5.0000,5.0000
1621526934.8951,609.0000,197.0000,19.0000,0.0000,0.0000,0.0000,3.0000,4.0000,4.0000,3.0000,4.0000,4.0000
1621526935.8041,609.0000,197.0000,19.0000,0.0000,0.0000,0.0000,3.0000,4.0000,4.0000,3.0000,4.0000,4.0000
1621526936.6421,609.0000,197.0000,19.0000,0.0000,0.0000,0.0000,3.0000,4.0000,4.0000,3.0000,4.0000,4.0000
1621526937.4801,609.0000,197.0000,17.0000,0.0000,0.0000,0.0000,3.0000,4.0000,4.0000,3.0000,4.0000,4.0000
1621526938.3901,609.0000,197.0000,17.0000,0.0000,0.0000,0.0000,2.0000,3.0000,3.0000,2.0000,3.0000,3.0000
1621526939.2281,609.0000,197.0000,17.0000,0.0000,0.0000,0.0000,2.0000,3.0000,3.0000,2.0000,3.0000,3.0000
1621526940.0661,594.0000,189.0000,19.0000,0.0000,0.0000,0.0000,2.0000,3.0000,3.0000,2.0000,3.0000,3.0000
1621526940.9751,594.0000,189.0000,19.0000,0.0000,0.0000,0.0000,3.0000,4.0000,4.0000,3.0000,4.0000,4.0000
1621526941.8131,594.0000,189.0000,19.0000,0.0000,0.0000,0.0000,3.0000,4.0000,4.0000,3.0000,4.0000,4.0000
1621526942.6521,600.0000,189.0000,21.0000,0.0000,0.0000,0.0000,3.0000,4.0000,4.0000,3.0000,4.0000,4.0000
1621526943.5611,600.0000,189.0000,21.0000,0.0000,0.0000,0.0000,3.0000,4.0000,4.0000,3.0000,4.0000,4.0000
1621526944.4001,600.0000,189.0000,21.0000,0.0000,0.0000,0.0000,3.0000,4.0000,4.0000,3.0000,4.0000,4.0000
1621526945.2381,618.0000,195.0000,19.0000,0.0000,0.0000,0.0000,3.0000,4.0000,4.0000,3.0000,4.0000,4.0000
1621526946.1461,618.0000,195.0000,19.0000,0.0000,0.0000,0.0000,3.0000,4.0000,4.0000,3.0000,4.0000,4.0000
1621526946.9851,618.0000,195.0000,19.0000,0.0000,0.0000,0.0000,3.0000,4.0000,4.0000,3.0000,4.0000,4.0000
1621526947.8231,618.0000,195.0000,19.0000,0.0000,0.0000,0.0000,3.0000,4.0000,4.0000,3.0000,4.0000,4.0000
1621526948.7321,618.0000,195.0000,19.0000,0.0000,0.0000,0.0000,3.0000,4.0000,4.0000,3.0000,4.0000,4.0000
1621526949.5701,618.0000,195.0000,19.0000,0.0000,0.0000,0.0000,3.0000,4.0000,4.0000,3.0000,4.0000,4.0000
1621526950.4081,618.0000,194.0000,15.0000,0.0000,0.0000,0.0000,3.0000,4.0000,4.0000,3.0000,4.0000,4.0000
1621526951.3171,618.0000,194.0000,15.0000,0.0000,0.0000,0.0000,3.0000,4.0000,4.0000,3.0000,4.0000,4.0000
1621526952.1551,618.0000,194.0000,15.0000,0.0000,0.0000,0.0000,3.0000,4.0000,4.0000,3.0000,4.0000,4.0000
1621526952.9941,612.0000,192.0000,16.0000,0.0000,0.0000,0.0000,3.0000,4.0000,4.0000,3.0000,4.0000,4.0000
1621526953.9021,612.0000,192.0000,16.0000,0.0000,0.0000,0.0000,3.0000,4.0000,4.0000,3.0000,4.0000,4.0000
1621526954.7411,612.0000,192.0000,16.0000,0.0000,0.0000,0.0000,3.0000,4.0000,4.0000,3.0000,4.0000,4.0000
1621526955.5801,663.0000,207.0000,16.0000,1.0000,0.0000,0.0000,3.0000,4.0000,4.0000,3.0000,4.0000,4.0000
1621526956.4881,663.0000,207.0000,16.0000,1.0000,0.0000,0.0000,3.0000,4.0000,4.0000,3.0000,4.0000,4.0000
1621526957.3271,663.0000,207.0000,16.0000,1.0000,0.0000,0.0000,3.0000,4.0000,4.0000,3.0000,4.0000,4.0000
1621526958.1651,645.0000,199.0000,13.0000,1.0000,0.0000,0.0000,3.0000,4.0000,4.0000,3.0000,4.0000,4.0000
1621526959.0731,645.0000,199.0000,13.0000,1.0000,0.0000,0.0000,3.0000,4.0000,4.0000,3.0000,4.0000,4.0000
1621526959.9121,645.0000,199.0000,13.0000,1.0000,0.0000,0.0000,3.0000,4.0000,4.0000,3.0000,4.0000,4.0000
1621526960.7511,663.0000,205.0000,16.0000,1.0000,0.0000,0.0000,3.0000,4.0000,4.0000,3.0000,4.0000,4.0000
1621526961.6591,663.0000,205.0000,16.0000,1.0000,0.0000,0.0000,3.0000,4.0000,4.0000,3.0000,4.0000,4.0000
1621526962.4981,663.0000,205.0000,16.0000,1.0000,0.0000,0.0000,3.0000,4.0000,4.0000,3.0000,4.0000,4.0000
1621526963.3361,612.0000,189.0000,15.0000,1.0000,0.0000,0.0000,3.0000,4.0000,4.0000,3.0000,4.0000,4.0000
1621526964.2451,612.0000,189.0000,15.0000,1.0000,0.0000,0.0000,3.0000,4.0000,4.0000,3.0000,4.0000,4.0000
1621526965.0831,612.0000,189.0000,15.0000,1.0000,0.0000,0.0000,3.0000,4.0000,4.0000,3.0000,4.0000,4.0000
1621526965.9221,612.0000,191.0000,17.0000,1.0000,0.0000,0.0000,3.0000,4.0000,4.0000,3.0000,4.0000,4.0000
1621526966.8301,612.0000,191.0000,17.0000,1.0000,0.0000,0.0000,3.0000,4.0000,4.0000,3.0000,4.0000,4.0000
1621526967.6691,612.0000,191.0000,17.0000,1.0000,0.0000,0.0000,3.0000,4.0000,4.0000,3.0000,4.0000,4.0000
1621526968.5081,612.0000,191.0000,17.0000,2.0000,0.0000,0.0000,3.0000,4.0000,4.0000,3.0000,4.0000,4.0000
1621526969.4161,612.0000,191.0000,17.0000,2.0000,0.0000,0.0000,3.0000,4.0000,4.0000,3.0000,4.0000,4.0000
1621526970.2551,612.0000,191.0000,17.0000,2.0000,0.0000,0.0000,3.0000,4.0000,4.0000,3.0000,4.0000,4.0000
1621526971.0931,567.0000,178.0000,17.0000,2.0000,0.0000,0.0000,3.0000,4.0000,4.0000,3.0000,4.0000,4.0000
1621526972.0011,567.0000,178.0000,17.0000,2.0000,0.0000,0.0000,3.0000,4.0000,4.0000,3.0000,4.0000,4.0000
1621526972.8401,567.0000,178.0000,17.0000,2.0000,0.0000,0.0000,3.0000,4.0000,4.0000,3.0000,4.0000,4.0000
1621526973.6791,612.0000,191.0000,18.0000,2.0000,0.0000,0.0000,3.0000,4.0000,4.0000,3.0000,4.0000,4.0000
1621526974.5871,612.0000,191.0000,18.0000,2.0000,0.0000,0.0000,3.0000,4.0000,4.0000,3.0000,4.0000,4.0000
1621526975.4261,612.0000,191.0000,18.0000,2.0000,0.0000,0.0000,3.0000,4.0000,4.0000,3.0000,4.0000,4.0000
1621526976.2641,585.0000,183.0000,18.0000,2.0000,0.0000,0.0000,2.0000,3.0000,3.0000,2.0000,3.0000,3.0000
1621526977.1731,585.0000,183.0000,18.0000,2.0000,0.0000,0.0000,2.0000,3.0000,3.0000,2.0000,3.0000,3.0000
1621526978.0111,585.0000,183.0000,18.0000,2.0000,0.0000,0.0000,2.0000,3.0000,3.0000,2.0000,3.0000,3.0000
1621526978.8501,597.0000,187.0000,20.0000,2.0000,0.0000,0.0000,2.0000,3.0000,3.0000,2.0000,3.0000,3.0000
1621526979.7581,597.0000,187.0000,20.0000,2.0000,0.0000,0.0000,3.0000,4.0000,4.0000,3.0000,4.0000,4.0000
1621526980.5971,597.0000,187.0000,20.0000,2.0000,0.0000,0.0000,3.0000,4.0000,4.0000,3.0000,4.0000,4.0000
1621526981.4361,540.0000,170.0000,20.0000,2.0000,1.0000,0.0000,3.0000,3.0000,4.0000,3.0000,3.0000,4.0000
1621526982.3441,540.0000,170.0000,20.0000,2.0000,1.0000,0.0000,3.0000,3.0000,4.0000,3.0000,3.0000,4.0000
1621526983.1831,540.0000,170.0000,20.0000,2.0000,1.0000,0.0000,3.0000,3.0000,4.0000,3.0000,3.0000,4.0000
1621526984.0211,603.0000,193.0000,29.0000,2.0000,1.0000,0.0000,3.0000,4.0000,5.0000,3.0000,4.0000,5.0000
1621526984.9291,603.0000,193.0000,29.0000,2.0000,1.0000,0.0000,3.0000,4.0000,5.0000,3.0000,4.0000,5.0000
1621526985.7681,603.0000,193.0000,29.0000,2.0000,1.0000,0.0000,3.0000,4.0000,5.0000,3.0000,4.0000,5.0000
1621526986.6071,624.0000,200.0000,29.0000,2.0000,1.0000,0.0000,4.0000,4.0000,5.0000,4.0000,4.0000,5.0000
1621526987.5151,624.0000,200.0000,29.0000,2.0000,1.0000,0.0000,4.0000,4.0000,5.0000,4.0000,4.0000,5.0000
1621526988.3541,624.0000,200.0000,29.0000,2.0000,1.0000,0.0000,3.0000,3.0000,4.0000,3.0000,3.0000,4.0000
1621526989.1911,666.0000,212.0000,32.0000,2.0000,1.0000,0.0000,3.0000,4.0000,4.0000,3.0000,4.0000,4.0000
1621526990.1011,666.0000,212.0000,32.0000,2.0000,1.0000,0.0000,3.0000,4.0000,4.0000,3.0000,4.0000,4.0000
1621526990.9381,666.0000,212.0000,32.0000,2.0000,1.0000,0.0000,3.0000,4.0000,4.0000,3.0000,4.0000,4.0000
1621526991.7771,693.0000,221.0000,27.0000,2.0000,1.0000,0.0000,3.0000,4.0000,4.0000,3.0000,4.0000,4.0000
1621526992.6851,693.0000,221.0000,27.0000,2.0000,1.0000,0.0000,3.0000,4.0000,4.0000,3.0000,4.0000,4.0000
1621526993.5241,693.0000,221.0000,27.0000,2.0000,1.0000,0.0000,3.0000,4.0000,4.0000,3.0000,4.0000,4.0000
1621526994.3631,654.0000,206.0000,22.0000,1.0000,1.0000,0.0000,3.0000,3.0000,4.0000,3.0000,3.0000,4.0000
1621526995.2711,654.0000,206.0000,22.0000,1.0000,1.0000,0.0000,3.0000,3.0000,4.0000,3.0000,3.0000,4.0000
1621526996.1091,654.0000,206.0000,22.0000,1.0000,1.0000,0.0000,3.0000,3.0000,4.0000,3.0000,3.0000,4.0000
1621526996.9481,672.0000,208.0000,24.0000,1.0000,1.0000,0.0000,2.0000,3.0000,4.0000,2.0000,3.0000,4.0000
1621526997.8561,672.0000,208.0000,24.0000,1.0000,1.0000,0.0000,3.0000,4.0000,5.0000,3.0000,4.0000,5.0000
1621526998.6951,672.0000,208.0000,24.0000,1.0000,1.0000,0.0000,3.0000,4.0000,5.0000,3.0000,4.0000,5.0000
1621526999.5341,645.0000,203.0000,26.0000,1.0000,1.0000,0.0000,3.0000,4.0000,5.0000,3.0000,4.0000,5.0000
1621527000.4421,645.0000,203.0000,26.0000,1.0000,1.0000,0.0000,2.0000,3.0000,4.0000,2.0000,3.0000,4.0000
1621527001.2811,645.0000,203.0000,26.0000,1.0000,1.0000,0.0000,2.0000,3.0000,4.0000,2.0000,3.0000,4.0000
1621527002.1191,690.0000,216.0000,30.0000,1.0000,1.0000,0.0000,3.0000,4.0000,4.0000,3.0000,4.0000,4.0000
1621527003.0281,690.0000,216.0000,30.0000,1.0000,1.0000,0.0000,3.0000,4.0000,4.0000,3.0000,4.0000,4.0000
1621527003.8661,690.0000,216.0000,30.0000,1.0000,1.0000,0.0000,3.0000,4.0000,4.0000,3.0000,4.0000,4.0000
1621527004.7051,699.0000,216.0000,27.0000,1.0000,1.0000,0.0000,2.0000,3.0000,4.0000,2.0000,3.0000,4.0000
1621527005.6131,699.0000,216.0000,27.0000,1.0000,1.0000,0.0000,2.0000,3.0000,4.0000,2.0000,3.0000,4.0000
1621527006.4521,699.0000,216.0000,27.0000,1.0000,1.0000,0.0000,2.0000,3.0000,4.0000,2.0000,3.0000,4.0000
1621527007.2911,744.0000,231.0000,31.0000,0.0000,0.0000,0.0000,3.0000,4.0000,4.0000,3.0000,4.0000,4.0000
1621527008.1991,744.0000,231.0000,31.0000,0.0000,0.0000,0.0000,3.0000,4.0000,4.0000,3.0000,4.0000,4.0000
1621527009.0371,744.0000,231.0000,31.0000,0.0000,0.0000,0.0000,3.0000,4.0000,4.0000,3.0000,4.0000,4.0000
1621527009.8761,699.0000,214.0000,31.0000,0.0000,0.0000,0.0000,2.0000,3.0000,3.0000,2.0000,3.0000,3.0000
1621527010.7841,699.0000,214.0000,31.0000,0.0000,0.0000,0.0000,2.0000,3.0000,3.0000,2.0000,3.0000,3.0000
1621527011.6231,699.0000,214.0000,31.0000,0.0000,0.0000,0.0000,2.0000,3.0000,3.0000,2.0000,3.0000,3.0000
1621527012.4621,660.0000,201.0000,29.0000,0.0000,0.0000,0.0000,2.0000,3.0000,3.0000,2.0000,3.0000,3.0000
1621527013.3701,660.0000,201.0000,29.0000,0.0000,0.0000,0.0000,2.0000,3.0000,3.0000,2.0000,3.0000,3.0000
1621527014.2091,660.0000,201.0000,29.0000,0.0000,0.0000,0.0000,2.0000,3.0000,3.0000,2.0000,3.0000,3.0000
1621527015.0471,654.0000,197.0000,29.0000,3.0000,0.0000,0.0000,2.0000,3.0000,4.0000,2.0000,3.0000,4.0000
1621527015.9561,654.0000,197.0000,29.0000,3.0000,0.0000,0.0000,2.0000,3.0000,4.0000,2.0000,3.0000,4.0000
1621527016.7941,654.0000,197.0000,29.0000,3.0000,0.0000,0.0000,2.0000,3.0000,4.0000,2.0000,3.0000,4.0000
1621527017.6321,660.0000,201.0000,38.0000,4.0000,1.0000,1.0000,2.0000,4.0000,5.0000,2.0000,4.0000,5.0000
1621527018.5411,660.0000,201.0000,38.0000,4.0000,1.0000,1.0000,3.0000,5.0000,6.0000,3.0000,5.0000,6.0000
1621527019.3801,660.0000,201.0000,38.0000,4.0000,1.0000,1.0000,3.0000,5.0000,6.0000,3.0000,5.0000,6.0000
1621527020.2181,672.0000,209.0000,43.0000,4.0000,1.0000,1.0000,3.0000,5.0000,6.0000,3.0000,5.0000,6.0000
1621527021.1261,672.0000,209.0000,43.0000,4.0000,1.0000,1.0000,2.0000,4.0000,5.0000,2.0000,4.0000,5.0000
1621527021.9641,672.0000,209.0000,43.0000,4.0000,1.0000,1.0000,2.0000,4.0000,5.0000,2.0000,4.0000,5.0000
1621527022.8031,681.0000,213.0000,40.0000,4.0000,1.0000,1.0000,2.0000,4.0000,5.0000,2.0000,4.0000,5.0000
1621527023.7111,681.0000,213.0000,40.0000,4.0000,1.0000,1.0000,2.0000,4.0000,5.0000,2.0000,4.0000,5.0000
1621527024.5501,681.0000,213.0000,40.0000,4.0000,1.0000,1.0000,2.0000,4.0000,5.0000,2.0000,4.0000,5.0000
1621527025.3891,720.0000,224.0000,44.0000,5.0000,2.0000,1.0000,3.0000,5.0000,6.0000,3.0000,5.0000,6.0000
1621527026.2971,720.0000,224.0000,44.0000,5.0000,2.0000,1.0000,3.0000,5.0000,6.0000,3.0000,5.0000,6.0000
1621527027.1361,720.0000,224.0000,44.0000,5.0000,2.0000,1.0000,4.0000,6.0000,7.0000,4.0000,6.0000,7.0000
1621527027.9741,750.0000,234.0000,42.0000,5.0000,2.0000,1.0000,4.0000,6.0000,8.0000,4.0000,6.0000,8.0000
1621527028.8831,750.0000,234.0000,42.0000,5.0000,2.0000,1.0000,4.0000,6.0000,8.0000,4.0000,6.0000,8.0000
1621527029.7211,750.0000,234.0000,42.0000,5.0000,2.0000,1.0000,4.0000,6.0000,8.0000,4.0000,6.0000,8.0000
1621527030.5601,744.0000,235.0000,51.0000,5.0000,2.0000,1.0000,3.0000,5.0000,7.0000,3.0000,5.0000,7.0000
1621527031.4681,744.0000,235.0000,51.0000,5.0000,2.0000,1.0000,3.0000,5.0000,7.0000,3.0000,5.0000,7.0000
1621527032.3071,744.0000,235.0000,51.0000,5.0000,2.0000,1.0000,3.0000,5.0000,7.0000,3.0000,5.0000,7.0000
1621527033.1461,714.0000,223.0000,47.0000,5.0000,2.0000,1.0000,4.0000,6.0000,8.0000,4.0000,6.0000,8.0000
1621527034.0541,714.0000,223.0000,47.0000,5.0000,2.0000,1.0000,4.0000,6.0000,8.0000,4.0000,6.0000,8.0000
1621527034.8921,714.0000,223.0000,47.0000,5.0000,2.0000,1.0000,4.0000,6.0000,8.0000,4.0000,6.0000,8.0000
1621527035.7301,717.0000,226.0000,39.0000,5.0000,2.0000,1.0000,3.0000,5.0000,7.0000,3.0000,5.0000,7.0000
1621527036.6391,717.0000,226.0000,39.0000,5.0000,2.0000,1.0000,3.0000,5.0000,7.0000,3.0000,5.0000,7.0000
1621527037.4781,717.0000,226.0000,39.0000,5.0000,2.0000,1.0000,3.0000,5.0000,7.0000,3.0000,5.0000,7.0000
1621527038.3161,717.0000,226.0000,39.0000,5.0000,2.0000,1.0000,3.0000,5.0000,7.0000,3.0000,5.0000,7.0000
1621527039.2251,717.0000,226.0000,39.0000,5.0000,2.0000,1.0000,4.0000,6.0000,8.0000,4.0000,6.0000,8.0000
1621527040.0631,717.0000,226.0000,39.0000,5.0000,2.0000,1.0000,4.0000,6.0000,8.0000,4.0000,6.0000,8.0000
1621527040.9011,732.0000,234.0000,43.0000,2.0000,2.0000,1.0000,4.0000,6.0000,7.0000,4.0000,6.0000,7.0000
1621527041.8101,732.0000,234.0000,43.0000,2.0000,2.0000,1.0000,4.0000,6.0000,7.0000,4.0000,6.0000,7.0000
1621527042.6481,732.0000,234.0000,43.0000,2.0000,2.0000,1.0000,4.0000,6.0000,7.0000,4.0000,6.0000,7.0000
1621527043.4871,711.0000,227.0000,35.0000,1.0000,1.0000,0.0000,4.0000,5.0000,6.0000,4.0000,5.0000,6.0000
1621527044.3951,711.0000,227.0000,35.0000,1.0000,1.0000,0.0000,4.0000,5.0000,6.0000,4.0000,5.0000,6.0000
1621527045.2341,711.0000,227.0000,35.0000,1.0000,1.0000,0.0000,4.0000,5.0000,6.0000,4.0000,5.0000,6.0000
1621527046.0721,714.0000,228.0000,39.0000,2.0000,1.0000,0.0000,4.0000,6.0000,6.0000,4.0000,6.0000,6.0000
1621527046.9811,714.0000,228.0000,39.0000,2.0000,1.0000,0.0000,4.0000,6.0000,6.0000,4.0000,6.0000,6.0000
1621527047.8191,714.0000,228.0000,39.0000,2.0000,1.0000,0.0000,3.0000,5.0000,5.0000,3.0000,5.0000,5.0000
1621527048.6581,744.0000,235.0000,39.0000,2.0000,1.0000,0.0000,3.0000,5.0000,5.0000,3.0000,5.0000,5.0000
1621527049.5661,744.0000,235.0000,39.0000,2.0000,1.0000,0.0000,3.0000,5.0000,5.0000,3.0000,5.0000,5.0000
1621527050.4051,744.0000,235.0000,39.0000,2.0000,1.0000,0.0000,3.0000,5.0000,5.0000,3.0000,5.0000,5.0000
1621527051.2441,717.0000,228.0000,35.0000,1.0000,0.0000,0.0000,4.0000,5.0000,5.0000,4.0000,5.0000,5.0000
1621527052.1521,717.0000,228.0000,35.0000,1.0000,0.0000,0.0000,4.0000,5.0000,5.0000,4.0000,5.0000,5.0000
1621527052.9911,717.0000,228.0000,35.0000,1.0000,0.0000,0.0000,4.0000,5.0000,5.0000,4.0000,5.0000,5.0000
1621527053.8291,660.0000,209.0000,32.0000,1.0000,0.0000,0.0000,3.0000,5.0000,5.0000,3.0000,5.0000,5.0000
1621527054.7381,660.0000,209.0000,32.0000,1.0000,0.0000,0.0000,3.0000,5.0000,5.0000,3.0000,5.0000,5.0000
1621527055.5761,660.0000,209.0000,32.0000,1.0000,0.0000,0.0000,3.0000,5.0000,5.0000,3.0000,5.0000,5.0000
1621527056.4151,690.0000,219.0000,26.0000,1.0000,0.0000,0.0000,3.0000,5.0000,5.0000,3.0000,5.0000,5.0000
1621527057.3231,690.0000,219.0000,26.0000,1.0000,0.0000,0.0000,3.0000,5.0000,5.0000,3.0000,5.0000,5.0000
1621527058.1621,690.0000,219.0000,26.0000,1.0000,0.0000,0.0000,3.0000,5.0000,5.0000,3.0000,5.0000,5.0000
1621527059.0001,684.0000,218.0000,28.0000,1.0000,0.0000,0.0000,3.0000,5.0000,5.0000,3.0000,5.0000,5.0000
1621527059.9091,684.0000,218.0000,28.0000,1.0000,0.0000,0.0000,3.0000,5.0000,5.0000,3.0000,5.0000,5.0000
1621527060.7471,684.0000,218.0000,28.0000,1.0000,0.0000,0.0000,3.0000,5.0000,5.0000,3.0000,5.0000,5.0000
1621527061.5861,663.0000,211.0000,28.0000,1.0000,0.0000,0.0000,3.0000,5.0000,5.0000,3.0000,5.0000,5.0000
1621527062.4941,663.0000,211.0000,28.0000,1.0000,0.0000,0.0000,3.0000,5.0000,5.0000,3.0000,5.0000,5.0000
1621527063.3331,663.0000,211.0000,28.0000,1.0000,0.0000,0.0000,3.0000,5.0000,5.0000,3.0000,5.0000,5.0000
1621527064.1721,690.0000,219.0000,30.0000,1.0000,0.0000,0.0000,3.0000,5.0000,5.0000,3.0000,5.0000,5.0000
1621527065.0801,690.0000,219.0000,30.0000,1.0000,0.0000,0.0000,3.0000,5.0000,5.0000,3.0000,5.0000,5.0000
1621527065.9191,690.0000,219.0000,30.0000,1.0000,0.0000,0.0000,3.0000,5.0000,5.0000,3.0000,5.0000,5.0000
1621527066.7571,714.0000,228.0000,30.0000,1.0000,0.0000,0.0000,4.0000,5.0000,5.0000,4.0000,5.0000,5.0000
1621527067.6661,714.0000,228.0000,30.0000,1.0000,0.0000,0.0000,4.0000,5.0000,5.0000,4.0000,5.0000,5.0000
1621527068.5041,714.0000,228.0000,30.0000,1.0000,0.0000,0.0000,4.0000,5.0000,5.0000,4.0000,5.0000,5.0000
1621527069.3431,702.0000,224.0000,34.0000,2.0000,0.0000,0.0000,4.0000,5.0000,5.0000,4.0000,5.0000,5.0000
1621527070.2511,702.0000,224.0000,34.0000,2.0000,0.0000,0.0000,4.0000,5.0000,5.0000,4.0000,5.0000,5.0000
1621527071.0901,702.0000,224.0000,34.0000,2.0000,0.0000,0.0000,4.0000,5.0000,5.0000,4.0000,5.0000,5.0000
1621527071.9281,708.0000,224.0000,28.0000,1.0000,0.0000,0.0000,4.0000,5.0000,5.0000,4.0000,5.0000,5.0000
1621527072.8381,708.0000,224.0000,28.0000,1.0000,0.0000,0.0000,4.0000,5.0000,5.0000,4.0000,5.0000,5.0000
1621527073.6761,708.0000,224.0000,28.0000,1.0000,0.0000,0.0000,4.0000,5.0000,5.0000,4.0000,5.0000,5.0000
1621527074.5141,657.0000,211.0000,33.0000,1.0000,0.0000,0.0000,4.0000,5.0000,5.0000,4.0000,5.0000,5.0000
1621527075.4231,657.0000,211.0000,33.0000,1.0000,0.0000,0.0000,4.0000,5.0000,5.0000,4.0000,5.0000,5.0000
1621527076.2611,657.0000,211.0000,33.0000,1.0000,0.0000,0.0000,4.0000,5.0000,5.0000,4.0000,5.0000,5.0000
1621527077.1001,684.0000,216.0000,31.0000,1.0000,0.0000,0.0000,4.0000,5.0000,5.0000,4.0000,5.0000,5.0000
1621527078.0081,684.0000,216.0000,31.0000,1.0000,0.0000,0.0000,4.0000,5.0000,5.0000,4.0000,5.0000,5.0000
1621527078.8471,684.0000,216.0000,31.0000,1.0000,0.0000,0.0000,4.0000,5.0000,5.0000,4.0000,5.0000,5.0000
1621527079.6851,735.0000,233.0000,38.0000,1.0000,0.0000,0.0000,4.0000,5.0000,5.0000,4.0000,5.0000,5.0000
1621527080.5941,735.0000,233.0000,38.0000,1.0000,0.0000,0.0000,4.0000,5.0000,5.0000,4.0000,5.0000,5.0000
1621527081.4321,735.0000,233.0000,38.0000,1.0000,0.0000,0.0000,4.0000,5.0000,5.0000,4.0000,5.0000,5.0000
1621527082.2711,696.0000,220.0000,40.0000,1.0000,0.0000,0.0000,4.0000,5.0000,5.0000,4.0000,5.0000,5.0000
1621527083.1791,696.0000,220.0000,40.0000,1.0000,0.0000,0.0000,4.0000,5.0000,5.0000,4.0000,5.0000,5.0000
1621527084.0181,696.0000,220.0000,40.0000,1.0000,0.0000,0.0000,4.0000,5.0000,5.0000,4.0000,5.0000,5.0000
1621527084.8561,693.0000,220.0000,38.0000,1.0000,0.0000,0.0000,4.0000,5.0000,5.0000,4.0000,5.0000,5.0000
1621527085.7651,693.0000,220.0000,38.0000,1.0000,0.0000,0.0000,4.0000,5.0000,5.0000,4.0000,5.0000,5.0000
1621527086.6031,693.0000,220.0000,38.0000,1.0000,0.0000,0.0000,4.0000,5.0000,5.0000,4.0000,5.0000,5.0000
1621527087.4421,681.0000,214.0000,37.0000,1.0000,0.0000,0.0000,4.0000,5.0000,5.0000,4.0000,5.0000,5.0000
1621527088.3501,681.0000,214.0000,37.0000,1.0000,0.0000,0.0000,4.0000,5.0000,5.0000,4.0000,5.0000,5.0000
1621527089.1891,681.0000,214.0000,37.0000,1.0000,0.0000,0.0000,4.0000,5.0000,5.0000,4.0000,5.0000,5.0000
1621527090.0281,660.0000,208.0000,35.0000,1.0000,0.0000,0.0000,4.0000,5.0000,5.0000,4.0000,5.0000,5.0000
1621527090.9361,660.0000,208.0000,35.0000,1.0000,0.0000,0.0000,4.0000,5.0000,5.0000,4.0000,5.0000,5.0000
1621527091.7751,660.0000,208.0000,35.0000,1.0000,0.0000,0.0000,4.0000,5.0000,5.0000,4.0000,5.0000,5.0000
1621527092.6131,636.0000,197.0000,33.0000,1.0000,0.0000,0.0000,3.0000,4.0000,4.0000,3.0000,4.0000,4.0000
1621527093.5221,636.0000,197.0000,33.0000,1.0000,0.0000,0.0000,3.0000,4.0000,4.0000,3.0000,4.0000,4.0000
1621527094.3601,636.0000,197.0000,33.0000,1.0000,0.0000,0.0000,3.0000,4.0000,4.0000,3.0000,4.0000,4.0000
1621527095.1991,669.0000,208.0000,31.0000,0.0000,0.0000,0.0000,4.0000,4.0000,4.0000,4.0000,4.0000,4.0000
1621527096.1071,669.0000,208.0000,31.0000,0.0000,0.0000,0.0000,4.0000,4.0000,4.0000,4.0000,4.0000,4.0000
1621527096.9461,669.0000,208.0000,31.0000,0.0000,0.0000,0.0000,4.0000,4.0000,4.0000,4.0000,4.0000,4.0000
1621527097.7841,654.0000,205.0000,33.0000,1.0000,1.0000,0.0000,3.0000,4.0000,5.0000,3.0000,4.0000,5.0000
1621527098.6931,654.0000,205.0000,33.0000,1.0000,1.0000,0.0000,3.0000,4.0000,5.0000,3.0000,4.0000,5.0000
1621527099.5311,654.0000,205.0000,33.0000,1.0000,1.0000,0.0000,3.0000,4.0000,5.0000,3.0000,4.0000,5.0000
1621527100.3701,666.0000,209.0000,31.0000,1.0000,1.0000,0.0000,3.0000,4.0000,5.0000,3.0000,4.0000,5.0000
1621527101.2781,666.0000,209.0000,31.0000,1.0000,1.0000,0.0000,3.0000,4.0000,5.0000,3.0000,4.0000,5.0000
1621527102.1171,666.0000,209.0000,31.0000,1.0000,1.0000,0.0000,3.0000,4.0000,5.0000,3.0000,4.0000,5.0000
1621527102.9561,621.0000,192.0000,31.0000,1.0000,1.0000,0.0000,3.0000,4.0000,5.0000,3.0000,4.0000,5.0000
1621527103.8641,621.0000,192.0000,31.0000,1.0000,1.0000,0.0000,3.0000,4.0000,5.0000,3.0000,4.0000,5.0000
1621527104.7031,621.0000,192.0000,31.0000,1.0000,1.0000,0.0000,2.0000,3.0000,4.0000,2.0000,3.0000,4.0000
1621527105.5411,564.0000,175.0000,27.0000,2.0000,2.0000,1.0000,2.0000,3.0000,4.0000,2.0000,3.0000,4.0000
1621527106.4501,564.0000,175.0000,27.0000,2.0000,2.0000,1.0000,2.0000,3.0000,4.0000,2.0000,3.0000,4.0000
1621527107.2881,564.0000,175.0000,27.0000,2.0000,2.0000,1.0000,2.0000,3.0000,4.0000,2.0000,3.0000,4.0000
1621527108.1271,558.0000,171.0000,23.0000,2.0000,2.0000,1.0000,2.0000,2.0000,4.0000,2.0000,2.0000,4.0000
1621527109.0351,558.0000,171.0000,23.0000,2.0000,2.0000,1.0000,2.0000,2.0000,4.0000,2.0000,2.0000,4.0000
1621527109.8741,558.0000,171.0000,23.0000,2.0000,2.0000,1.0000,2.0000,2.0000,4.0000,2.0000,2.0000,4.0000
1621527110.7121,567.0000,172.0000,23.0000,2.0000,2.0000,1.0000,2.0000,3.0000,4.0000,2.0000,3.0000,4.0000
1621527111.6211,567.0000,172.0000,23.0000,2.0000,2.0000,1.0000,2.0000,3.0000,4.0000,2.0000,3.0000,4.0000
1621527112.4591,567.0000,172.0000,23.0000,2.0000,2.0000,1.0000,2.0000,3.0000,4.0000,2.0000,3.0000,4.0000
1621527113.2981,591.0000,182.0000,24.0000,2.0000,2.0000,1.0000,3.0000,4.0000,5.0000,3.0000,4.0000,5.0000
1621527114.2061,591.0000,182.0000,24.0000,2.0000,2.0000,1.0000,3.0000,4.0000,5.0000,3.0000,4.0000,5.0000
1621527115.0451,591.0000,182.0000,24.0000,2.0000,2.0000,1.0000,3.0000,4.0000,5.0000,3.0000,4.0000,5.0000
1621527115.8841,648.0000,197.0000,26.0000,2.0000,2.0000,1.0000,4.0000,4.0000,6.0000,4.0000,4.0000,6.0000
1621527116.7921,648.0000,197.0000,26.0000,2.0000,2.0000,1.0000,4.0000,4.0000,6.0000,4.0000,4.0000,6.0000
1621527117.6311,648.0000,197.0000,26.0000,2.0000,2.0000,1.0000,4.0000,4.0000,6.0000,4.0000,4.0000,6.0000
1621527118.4691,645.0000,199.0000,24.0000,2.0000,2.0000,1.0000,4.0000,4.0000,5.0000,4.0000,4.0000,5.0000
1621527119.3781,645.0000,199.0000,24.0000,2.0000,2.0000,1.0000,3.0000,3.0000,4.0000,3.0000,3.0000,4.0000
1621527120.2161,645.0000,199.0000,24.0000,2.0000,2.0000,1.0000,3.0000,3.0000,4.0000,3.0000,3.0000,4.0000
1621527121.0541,633.0000,195.0000,22.0000,2.0000,2.0000,1.0000,3.0000,3.0000,4.0000,3.0000,3.0000,4.0000
1621527121.9631,633.0000,195.0000,22.0000,2.0000,2.0000,1.0000,3.0000,3.0000,4.0000,3.0000,3.0000,4.0000
1621527122.8021,633.0000,195.0000,22.0000,2.0000,2.0000,1.0000,3.0000,3.0000,4.0000,3.0000,3.0000,4.0000
1621527123.6391,684.0000,210.0000,18.0000,1.0000,1.0000,1.0000,3.0000,3.0000,4.0000,3.0000,3.0000,4.0000
1621527124.5491,684.0000,210.0000,18.0000,1.0000,1.0000,1.0000,3.0000,3.0000,4.0000,3.0000,3.0000,4.0000
1621527125.3871,684.0000,210.0000,18.0000,1.0000,1.0000,1.0000,4.0000,4.0000,5.0000,4.0000,4.0000,5.0000
1621527126.2251,693.0000,213.0000,18.0000,1.0000,1.0000,1.0000,4.0000,4.0000,5.0000,4.0000,4.0000,5.0000
1621527127.1341,693.0000,213.0000,18.0000,1.0000,1.0000,1.0000,4.0000,4.0000,5.0000,4.0000,4.0000,5.0000
1621527127.9731,693.0000,213.0000,18.0000,1.0000,1.0000,1.0000,4.0000,4.0000,5.0000,4.0000,4.0000,5.0000
1621527128.8121,705.0000,221.0000,17.0000,1.0000,1.0000,1.0000,4.0000,4.0000,5.0000,4.0000,4.0000,5.0000
1621527129.7201,705.0000,221.0000,17.0000,1.0000,1.0000,1.0000,4.0000,4.0000,5.0000,4.0000,4.0000,5.0000
1621527130.5591,705.0000,221.0000,17.0000,1.0000,1.0000,1.0000,4.0000,4.0000,5.0000,4.0000,4.0000,5.0000
1621527131.3971,750.0000,234.0000,19.0000,0.0000,0.0000,0.0000,5.0000,5.0000,5.0000,5.0000,5.0000,5.0000
1621527132.3061,750.0000,234.0000,19.0000,0.0000,0.0000,0.0000,5.0000,5.0000,5.0000,5.0000,5.0000,5.0000
1621527133.1441,750.0000,234.0000,19.0000,0.0000,0.0000,0.0000,5.0000,5.0000,5.0000,5.0000,5.0000,5.0000
1621527133.9831,771.0000,241.0000,23.0000,0.0000,0.0000,0.0000,4.0000,5.0000,5.0000,4.0000,5.0000,5.0000
1621527134.8911,771.0000,241.0000,23.0000,0.0000,0.0000,0.0000,4.0000,5.0000,5.0000,4.0000,5.0000,5.0000
1621527135.7301,771.0000,241.0000,23.0000,0.0000,0.0000,0.0000,4.0000,5.0000,5.0000,4.0000,5.0000,5.0000
1621527136.5681,738.0000,230.0000,23.0000,0.0000,0.0000,0.0000,4.0000,5.0000,5.0000,4.0000,5.0000,5.0000
1621527137.4771,738.0000,230.0000,23.0000,0.0000,0.0000,0.0000,4.0000,5.0000,5.0000,4.0000,5.0000,5.0000
1621527138.3141,738.0000,230.0000,23.0000,0.0000,0.0000,0.0000,4.0000,5.0000,5.0000,4.0000,5.0000,5.0000
1621527139.1531,732.0000,228.0000,23.0000,0.0000,0.0000,0.0000,4.0000,5.0000,5.0000,4.0000,5.0000,5.0000
1621527140.0611,732.0000,228.0000,23.0000,0.0000,0.0000,0.0000,4.0000,5.0000,5.0000,4.0000,5.0000,5.0000
1621527140.9001,732.0000,228.0000,23.0000,0.0000,0.0000,0.0000,4.0000,5.0000,5.0000,4.0000,5.0000,5.0000
1621527141.7391,708.0000,222.0000,20.0000,0.0000,0.0000,0.0000,4.0000,4.0000,4.0000,4.0000,4.0000,4.0000
1621527142.6471,708.0000,222.0000,20.0000,0.0000,0.0000,0.0000,4.0000,4.0000,4.0000,4.0000,4.0000,4.0000
1621527143.4861,708.0000,222.0000,20.0000,0.0000,0.0000,0.0000,4.0000,4.0000,4.0000,4.0000,4.0000,4.0000
1621527144.3241,708.0000,222.0000,20.0000,0.0000,0.0000,0.0000,4.0000,4.0000,4.0000,4.0000,4.0000,4.0000
1621527145.2331,708.0000,222.0000,20.0000,0.0000,0.0000,0.0000,4.0000,4.0000,4.0000,4.0000,4.0000,4.0000
1621527146.0711,708.0000,222.0000,20.0000,0.0000,0.0000,0.0000,4.0000,4.0000,4.0000,4.0000,4.0000,4.0000
1621527146.9101,669.0000,207.0000,19.0000,0.0000,0.0000,0.0000,3.0000,4.0000,4.0000,3.0000,4.0000,4.0000
1621527147.8181,669.0000,207.0000,19.0000,0.0000,0.0000,0.0000,3.0000,4.0000,4.0000,3.0000,4.0000,4.0000
1621527148.6561,669.0000,207.0000,19.0000,0.0000,0.0000,0.0000,3.0000,4.0000,4.0000,3.0000,4.0000,4.0000
1621527149.4941,633.0000,195.0000,25.0000,0.0000,0.0000,0.0000,3.0000,4.0000,4.0000,3.0000,4.0000,4.0000
1621527150.4031,633.0000,195.0000,25.0000,0.0000,0.0000,0.0000,3.0000,4.0000,4.0000,3.0000,4.0000,4.0000
1621527151.2411,633.0000,195.0000,25.0000,0.0000,0.0000,0.0000,3.0000,4.0000,4.0000,3.0000,4.0000,4.0000
1621527152.0801,600.0000,184.0000,25.0000,0.0000,0.0000,0.0000,3.0000,4.0000,4.0000,3.0000,4.0000,4.0000
1621527152.9881,600.0000,184.0000,25.0000,0.0000,0.0000,0.0000,3.0000,4.0000,4.0000,3.0000,4.0000,4.0000
1621527153.8271,600.0000,184.0000,25.0000,0.0000,0.0000,0.0000,3.0000,4.0000,4.0000,3.0000,4.0000,4.0000
1621527154.6661,615.0000,189.0000,28.0000,0.0000,0.0000,0.0000,3.0000,4.0000,4.0000,3.0000,4.0000,4.0000
1621527155.5741,615.0000,189.0000,28.0000,0.0000,0.0000,0.0000,3.0000,4.0000,4.0000,3.0000,4.0000,4.0000
1621527156.4131,615.0000,189.0000,28.0000,0.0000,0.0000,0.0000,3.0000,4.0000,4.0000,3.0000,4.0000,4.0000
1621527157.2511,591.0000,181.0000,28.0000,1.0000,0.0000,0.0000,3.0000,4.0000,4.0000,3.0000,4.0000,4.0000
1621527158.1601,591.0000,181.0000,28.0000,1.0000,0.0000,0.0000,3.0000,4.0000,4.0000,3.0000,4.0000,4.0000
1621527158.9981,591.0000,181.0000,28.0000,1.0000,0.0000,0.0000,3.0000,4.0000,4.0000,3.0000,4.0000,4.0000
1621527159.8361,591.0000,180.0000,24.0000,1.0000,0.0000,0.0000,3.0000,4.0000,4.0000,3.0000,4.0000,4.0000
1621527160.7451,591.0000,180.0000,24.0000,1.0000,0.0000,0.0000,3.0000,4.0000,4.0000,3.0000,4.0000,4.0000
1621527161.5841,591.0000,180.0000,24.0000,1.0000,0.0000,0.0000,3.0000,4.0000,4.0000,3.0000,4.0000,4.0000
1621527162.4221,624.0000,190.0000,24.0000,1.0000,0.0000,0.0000,3.0000,4.0000,4.0000,3.0000,4.0000,4.0000
1621527163.3311,624.0000,190.0000,24.0000,1.0000,0.0000,0.0000,3.0000,4.0000,4.0000,3.0000,4.0000,4.0000
1621527164.1681,624.0000,190.0000,24.0000,1.0000,0.0000,0.0000,2.0000,3.0000,3.0000,2.0000,3.0000,3.0000
1621527165.0071,639.0000,194.0000,24.0000,1.0000,0.0000,0.0000,2.0000,3.0000,3.0000,2.0000,3.0000,3.0000
1621527165.9151,639.0000,194.0000,24.0000,1.0000,0.0000,0.0000,2.0000,3.0000,3.0000,2.0000,3.0000,3.0000
1621527166.7541,639.0000,194.0000,24.0000,1.0000,0.0000,0.0000,2.0000,3.0000,3.0000,2.0000,3.0000,3.0000
1621527167.5931,639.0000,194.0000,25.0000,1.0000,0.0000,0.0000,2.0000,4.0000,4.0000,2.0000,4.0000,4.0000
1621527168.5011,639.0000,194.0000,25.0000,1.0000,0.0000,0.0000,2.0000,4.0000,4.0000,2.0000,4.0000,4.0000
1621527169.3401,639.0000,194.0000,25.0000,1.0000,0.0000,0.0000,2.0000,4.0000,4.0000,2.0000,4.0000,4.0000
1621527170.1781,621.0000,188.0000,23.0000,1.0000,0.0000,0.0000,3.0000,4.0000,4.0000,3.0000,4.0000,4.0000
1621527171.0871,621.0000,188.0000,23.0000,1.0000,0.0000,0.0000,3.0000,4.0000,4.0000,3.0000,4.0000,4.0000
1621527171.9251,621.0000,188.0000,23.0000,1.0000,0.0000,0.0000,3.0000,4.0000,4.0000,3.0000,4.0000,4.0000
1621527172.7641,672.0000,207.0000,24.0000,1.0000,0.0000,0.0000,4.0000,5.0000,5.0000,4.0000,5.0000,5.0000
1621527173.6721,672.0000,207.0000,24.0000,1.0000,0.0000,0.0000,4.0000,5.0000,5.0000,4.0000,5.0000,5.0000
1621527174.5111,672.0000,207.0000,24.0000,1.0000,0.0000,0.0000,4.0000,5.0000,5.0000,4.0000,5.0000,5.0000
1621527175.3491,702.0000,213.0000,18.0000,1.0000,0.0000,0.0000,4.0000,5.0000,5.0000,4.0000,5.0000,5.0000
1621527176.2581,702.0000,213.0000,18.0000,1.0000,0.0000,0.0000,4.0000,5.0000,5.0000,4.0000,5.0000,5.0000
1621527177.0961,702.0000,213.0000,18.0000,1.0000,0.0000,0.0000,4.0000,5.0000,5.0000,4.0000,5.0000,5.0000
1621527177.9351,714.0000,217.0000,18.0000,1.0000,0.0000,0.0000,4.0000,5.0000,5.0000,4.0000,5.0000,5.0000
1621527178.8431,714.0000,217.0000,18.0000,1.0000,0.0000,0.0000,4.0000,5.0000,5.0000,4.0000,5.0000,5.0000
1621527179.6811,714.0000,217.0000,18.0000,1.0000,0.0000,0.0000,4.0000,5.0000,5.0000,4.0000,5.0000,5.0000
1621527180.5201,720.0000,219.0000,16.0000,1.0000,0.0000,0.0000,4.0000,4.0000,4.0000,4.0000,4.0000,4.0000
1621527181.4281,720.0000,219.0000,16.0000,1.0000,0.0000,0.0000,4.0000,4.0000,4.0000,4.0000,4.0000,4.0000
1621527182.2671,720.0000,219.0000,16.0000,1.0000,0.0000,0.0000,4.0000,4.0000,4.0000,4.0000,4.0000,4.0000
1621527183.1051,693.0000,210.0000,12.0000,0.0000,0.0000,0.0000,3.0000,4.0000,4.0000,3.0000,4.0000,4.0000
1621527184.0131,693.0000,210.0000,12.0000,0.0000,0.0000,0.0000,3.0000,4.0000,4.0000,3.0000,4.0000,4.0000
1621527184.8521,693.0000,210.0000,12.0000,0.0000,0.0000,0.0000,3.0000,4.0000,4.0000,3.0000,4.0000,4.0000
1621527185.6911,699.0000,215.0000,12.0000,1.0000,1.0000,1.0000,4.0000,4.0000,5.0000,4.0000,4.0000,5.0000
1621527186.5991,699.0000,215.0000,12.0000,1.0000,1.0000,1.0000,4.0000,4.0000,5.0000,4.0000,4.0000,5.0000
1621527187.4381,699.0000,215.0000,12.0000,1.0000,1.0000,1.0000,4.0000,4.0000,5.0000,4.0000,4.0000,5.0000
1621527188.2761,672.0000,209.0000,12.0000,1.0000,1.0000,1.0000,3.0000,4.0000,5.0000,3.0000,4.0000,5.0000
1621527189.1851,672.0000,209.0000,12.0000,1.0000,1.0000,1.0000,3.0000,4.0000,5.0000,3.0000,4.0000,5.0000
1621527190.0231,672.0000,209.0000,12.0000,1.0000,1.0000,1.0000,3.0000,4.0000,5.0000,3.0000,4.0000,5.0000
1621527190.8611,690.0000,216.0000,12.0000,1.0000,1.0000,1.0000,4.0000,4.0000,5.0000,4.0000,4.0000,5.0000
1621527191.7691,690.0000,216.0000,12.0000,1.0000,1.0000,1.0000,4.0000,4.0000,5.0000,4.0000,4.0000,5.0000
1621527192.6081,690.0000,216.0000,12.0000,1.0000,1.0000,1.0000,4.0000,4.0000,5.0000,4.0000,4.0000,5.0000
1621527193.4471,726.0000,226.0000,16.0000,1.0000,1.0000,1.0000,4.0000,4.0000,5.0000,4.0000,4.0000,5.0000
1621527194.3551,726.0000,226.0000,16.0000,1.0000,1.0000,1.0000,4.0000,4.0000,5.0000,4.0000,4.0000,5.0000
1621527195.1941,726.0000,226.0000,16.0000,1.0000,1.0000,1.0000,4.0000,4.0000,5.0000,4.0000,4.0000,5.0000
1621527196.0321,744.0000,230.0000,18.0000,1.0000,1.0000,1.0000,4.0000,5.0000,5.0000,4.0000,5.0000,5.0000
1621527196.9401,744.0000,230.0000,18.0000,1.0000,1.0000,1.0000,4.0000,5.0000,5.0000,4.0000,5.0000,5.0000
1621527197.7791,744.0000,230.0000,18.0000,1.0000,1.0000,1.0000,4.0000,5.0000,5.0000,4.0000,5.0000,5.0000
1621527198.6181,738.0000,226.0000,20.0000,1.0000,1.0000,1.0000,4.0000,5.0000,5.0000,4.0000,5.0000,5.0000
1621527199.5261,738.0000,226.0000,20.0000,1.0000,1.0000,1.0000,4.0000,5.0000,5.0000,4.0000,5.0000,5.0000
1621527200.3651,738.0000,226.0000,20.0000,1.0000,1.0000,1.0000,4.0000,5.0000,5.0000,4.0000,5.0000,5.0000
1621527201.2031,687.0000,215.0000,19.0000,1.0000,1.0000,1.0000,3.0000,4.0000,5.0000,3.0000,4.0000,5.0000
1621527202.1121,687.0000,215.0000,19.0000,1.0000,1.0000,1.0000,3.0000,4.0000,5.0000,3.0000,4.0000,5.0000
1621527202.9501,687.0000,215.0000,19.0000,1.0000,1.0000,1.0000,3.0000,4.0000,5.0000,3.0000,4.0000,5.0000
1621527203.7891,699.0000,219.0000,17.0000,1.0000,1.0000,1.0000,4.0000,4.0000,5.0000,4.0000,4.0000,5.0000
1621527204.6971,699.0000,219.0000,17.0000,1.0000,1.0000,1.0000,4.0000,4.0000,5.0000,4.0000,4.0000,5.0000
1621527205.5361,699.0000,219.0000,17.0000,1.0000,1.0000,1.0000,4.0000,4.0000,5.0000,4.0000,4.0000,5.0000
1621527206.3751,687.0000,217.0000,17.0000,1.0000,1.0000,1.0000,4.0000,4.0000,5.0000,4.0000,4.0000,5.0000
1621527207.2831,687.0000,217.0000,17.0000,1.0000,1.0000,1.0000,4.0000,4.0000,5.0000,4.0000,4.0000,5.0000
1621527208.1221,687.0000,217.0000,17.0000,1.0000,1.0000,1.0000,4.0000,4.0000,5.0000,4.0000,4.0000,5.0000
1621527208.9591,699.0000,221.0000,17.0000,1.0000,1.0000,1.0000,4.0000,4.0000,5.0000,4.0000,4.0000,5.0000
1621527209.8681,699.0000,221.0000,17.0000,1.0000,1.0000,1.0000,4.0000,4.0000,5.0000,4.0000,4.0000,5.0000
1621527210.7061,699.0000,221.0000,17.0000,1.0000,1.0000,1.0000,4.0000,4.0000,5.0000,4.0000,4.0000,5.0000
1621527211.5451,693.0000,219.0000,21.0000,0.0000,0.0000,0.0000,4.0000,5.0000,5.0000,4.0000,5.0000,5.0000
1621527212.4541,693.0000,219.0000,21.0000,0.0000,0.0000,0.0000,4.0000,5.0000,5.0000,4.0000,5.0000,5.0000
1621527213.2921,693.0000,219.0000,21.0000,0.0000,0.0000,0.0000,4.0000,5.0000,5.0000,4.0000,5.0000,5.0000
1621527214.1301,756.0000,236.0000,25.0000,1.0000,0.0000,0.0000,4.0000,5.0000,5.0000,4.0000,5.0000,5.0000
1621527215.0401,756.0000,236.0000,25.0000,1.0000,0.0000,0.0000,4.0000,5.0000,5.0000,4.0000,5.0000,5.0000
1621527215.8771,756.0000,236.0000,25.0000,1.0000,0.0000,0.0000,4.0000,5.0000,5.0000,4.0000,5.0000,5.0000
1621527216.7161,756.0000,234.0000,27.0000,1.0000,0.0000,0.0000,4.0000,5.0000,5.0000,4.0000,5.0000,5.0000
1621527217.6251,756.0000,234.0000,27.0000,1.0000,0.0000,0.0000,3.0000,4.0000,4.0000,3.0000,4.0000,4.0000
1621527218.4641,756.0000,234.0000,27.0000,1.0000,0.0000,0.0000,3.0000,4.0000,4.0000,3.0000,4.0000,4.0000
1621527219.3021,681.0000,213.0000,23.0000,1.0000,0.0000,0.0000,3.0000,4.0000,4.0000,3.0000,4.0000,4.0000
1621527220.2101,681.0000,213.0000,23.0000,1.0000,0.0000,0.0000,4.0000,5.0000,5.0000,4.0000,5.0000,5.0000
1621527221.0481,681.0000,213.0000,23.0000,1.0000,0.0000,0.0000,4.0000,5.0000,5.0000,4.0000,5.0000,5.0000
1621527221.8871,669.0000,209.0000,21.0000,1.0000,0.0000,0.0000,3.0000,4.0000,4.0000,3.0000,4.0000,4.0000
1621527222.7951,669.0000,209.0000,21.0000,1.0000,0.0000,0.0000,3.0000,4.0000,4.0000,3.0000,4.0000,4.0000
1621527223.6341,669.0000,209.0000,21.0000,1.0000,0.0000,0.0000,3.0000,4.0000,4.0000,3.0000,4.0000,4.0000
1621527224.4731,612.0000,192.0000,21.0000,2.0000,0.0000,0.0000,3.0000,4.0000,4.0000,3.0000,4.0000,4.0000
1621527225.3811,612.0000,192.0000,21.0000,2.0000,0.0000,0.0000,3.0000,4.0000,4.0000,3.0000,4.0000,4.0000
1621527226.2201,612.0000,192.0000,21.0000,2.0000,0.0000,0.0000,2.0000,3.0000,3.0000,2.0000,3.0000,3.0000
1621527227.0581,633.0000,197.0000,21.0000,2.0000,0.0000,0.0000,2.0000,3.0000,3.0000,2.0000,3.0000,3.0000
1621527227.9671,633.0000,197.0000,21.0000,2.0000,0.0000,0.0000,2.0000,3.0000,3.0000,2.0000,3.0000,3.0000
1621527228.8051,633.0000,197.0000,21.0000,2.0000,0.0000,0.0000,2.0000,3.0000,3.0000,2.0000,3.0000,3.0000
1621527229.6441,666.0000,210.0000,25.0000,3.0000,0.0000,0.0000,3.0000,5.0000,5.0000,3.0000,5.0000,5.0000
1621527230.5521,666.0000,210.0000,25.0000,3.0000,0.0000,0.0000,3.0000,5.0000,5.0000,3.0000,5.0000,5.0000
1621527231.3911,666.0000,210.0000,25.0000,3.0000,0.0000,0.0000,3.0000,5.0000,5.0000,3.0000,5.0000,5.0000
1621527232.2301,684.0000,214.0000,27.0000,3.0000,0.0000,0.0000,2.0000,4.0000,4.0000,2.0000,4.0000,4.0000
1621527233.1381,684.0000,214.0000,27.0000,3.0000,0.0000,0.0000,2.0000,4.0000,4.0000,2.0000,4.0000,4.0000
1621527233.9761,684.0000,214.0000,27.0000,3.0000,0.0000,0.0000,2.0000,4.0000,4.0000,2.0000,4.0000,4.0000
1621527234.8151,684.0000,212.0000,27.0000,3.0000,0.0000,0.0000,2.0000,4.0000,4.0000,2.0000,4.0000,4.0000
1621527235.7231,684.0000,212.0000,27.0000,3.0000,0.0000,0.0000,3.0000,5.0000,5.0000,3.0000,5.0000,5.0000
1621527236.5621,684.0000,212.0000,27.0000,3.0000,0.0000,0.0000,3.0000,5.0000,5.0000,3.0000,5.0000,5.0000
1621527237.4011,657.0000,203.0000,27.0000,3.0000,0.0000,0.0000,3.0000,5.0000,5.0000,3.0000,5.0000,5.0000
1621527238.3091,657.0000,203.0000,27.0000,3.0000,0.0000,0.0000,2.0000,4.0000,4.0000,2.0000,4.0000,4.0000
1621527239.1481,657.0000,203.0000,27.0000,3.0000,0.0000,0.0000,2.0000,4.0000,4.0000,2.0000,4.0000,4.0000
1621527239.9861,615.0000,190.0000,25.0000,3.0000,0.0000,0.0000,2.0000,3.0000,3.0000,2.0000,3.0000,3.0000
1621527240.8951,615.0000,190.0000,25.0000,3.0000,0.0000,0.0000,2.0000,3.0000,3.0000,2.0000,3.0000,3.0000
1621527241.7331,615.0000,190.0000,25.0000,3.0000,0.0000,0.0000,3.0000,4.0000,4.0000,3.0000,4.0000,4.0000
1621527242.5721,645.0000,196.0000,25.0000,3.0000,0.0000,0.0000,3.0000,5.0000,5.0000,3.0000,5.0000,5.0000
1621527243.4801,645.0000,196.0000,25.0000,3.0000,0.0000,0.0000,3.0000,5.0000,5.0000,3.0000,5.0000,5.0000
1621527244.3191,645.0000,196.0000,25.0000,3.0000,0.0000,0.0000,3.0000,5.0000,5.0000,3.0000,5.0000,5.0000
1621527245.1581,663.0000,200.0000,24.0000,3.0000,0.0000,0.0000,3.0000,5.0000,5.0000,3.0000,5.0000,5.0000
1621527246.0661,663.0000,200.0000,24.0000,3.0000,0.0000,0.0000,3.0000,5.0000,5.0000,3.0000,5.0000,5.0000
1621527246.9041,663.0000,200.0000,24.0000,3.0000,0.0000,0.0000,3.0000,5.0000,5.0000,3.0000,5.0000,5.0000
1621527247.7431,663.0000,200.0000,23.0000,3.0000,0.0000,0.0000,2.0000,4.0000,4.0000,2.0000,4.0000,4.0000
1621527248.6511,663.0000,200.0000,23.0000,3.0000,0.0000,0.0000,2.0000,4.0000,4.0000,2.0000,4.0000,4.0000
1621527249.4901,663.0000,200.0000,23.0000,3.0000,0.0000,0.0000,2.0000,4.0000,4.0000,2.0000,4.0000,4.0000
1621527250.3291,720.0000,217.0000,21.0000,2.0000,0.0000,0.0000,4.0000,5.0000,5.0000,4.0000,5.0000,5.0000
1621527251.2371,720.0000,217.0000,21.0000,2.0000,0.0000,0.0000,4.0000,5.0000,5.0000,4.0000,5.0000,5.0000
1621527252.0761,720.0000,217.0000,21.0000,2.0000,0.0000,0.0000,4.0000,5.0000,5.0000,4.0000,5.0000,5.0000
1621527252.9141,699.0000,212.0000,22.0000,2.0000,0.0000,0.0000,3.0000,4.0000,4.0000,3.0000,4.0000,4.0000
1621527253.8231,699.0000,212.0000,22.0000,2.0000,0.0000,0.0000,3.0000,4.0000,4.0000,3.0000,4.0000,4.0000
1621527254.6611,699.0000,212.0000,22.0000,2.0000,0.0000,0.0000,3.0000,4.0000,4.0000,3.0000,4.0000,4.0000
1621527255.5001,675.0000,204.0000,18.0000,1.0000,0.0000,0.0000,3.0000,4.0000,4.0000,3.0000,4.0000,4.0000
1621527256.4081,675.0000,204.0000,18.0000,1.0000,0.0000,0.0000,3.0000,4.0000,4.0000,3.0000,4.0000,4.0000
1621527257.2471,675.0000,204.0000,18.0000,1.0000,0.0000,0.0000,3.0000,4.0000,4.0000,3.0000,4.0000,4.0000
1621527258.0851,669.0000,200.0000,15.0000,1.0000,0.0000,0.0000,3.0000,4.0000,4.0000,3.0000,4.0000,4.0000
1621527258.9941,669.0000,200.0000,15.0000,1.0000,0.0000,0.0000,3.0000,4.0000,4.0000,3.0000,4.0000,4.0000
1621527259.8311,669.0000,200.0000,15.0000,1.0000,0.0000,0.0000,3.0000,4.0000,4.0000,3.0000,4.0000,4.0000
1621527260.6701,678.0000,206.0000,15.0000,1.0000,0.0000,0.0000,4.0000,4.0000,4.0000,4.0000,4.0000,4.0000
1621527261.5781,678.0000,206.0000,15.0000,1.0000,0.0000,0.0000,4.0000,4.0000,4.0000,4.0000,4.0000,4.0000
1621527262.4171,678.0000,206.0000,15.0000,1.0000,0.0000,0.0000,4.0000,4.0000,4.0000,4.0000,4.0000,4.0000
1621527263.2561,699.0000,212.0000,10.0000,1.0000,0.0000,0.0000,4.0000,4.0000,4.0000,4.0000,4.0000,4.0000
1621527264.1641,699.0000,212.0000,10.0000,1.0000,0.0000,0.0000,4.0000,4.0000,4.0000,4.0000,4.0000,4.0000
1621527265.0031,699.0000,212.0000,10.0000,1.0000,0.0000,0.0000,4.0000,4.0000,4.0000,4.0000,4.0000,4.0000
1621527265.8411,699.0000,215.0000,14.0000,0.0000,0.0000,0.0000,4.0000,4.0000,4.0000,4.0000,4.0000,4.0000
1621527266.7501,699.0000,215.0000,14.0000,0.0000,0.0000,0.0000,4.0000,4.0000,4.0000,4.0000,4.0000,4.0000
1621527267.5881,699.0000,215.0000,14.0000,0.0000,0.0000,0.0000,4.0000,4.0000,4.0000,4.0000,4.0000,4.0000
1621527268.4271,693.0000,219.0000,18.0000,0.0000,0.0000,0.0000,4.0000,4.0000,4.0000,4.0000,4.0000,4.0000
1621527269.3351,693.0000,219.0000,18.0000,0.0000,0.0000,0.0000,4.0000,4.0000,4.0000,4.0000,4.0000,4.0000
1621527270.1741,693.0000,219.0000,18.0000,0.0000,0.0000,0.0000,4.0000,4.0000,4.0000,4.0000,4.0000,4.0000
1621527271.0131,657.0000,209.0000,18.0000,0.0000,0.0000,0.0000,4.0000,4.0000,4.0000,4.0000,4.0000,4.0000
1621527271.9211,657.0000,209.0000,18.0000,0.0000,0.0000,0.0000,4.0000,4.0000,4.0000,4.0000,4.0000,4.0000
1621527272.7591,657.0000,209.0000,18.0000,0.0000,0.0000,0.0000,4.0000,4.0000,4.0000,4.0000,4.0000,4.0000
1621527273.5981,657.0000,211.0000,19.0000,0.0000,0.0000,0.0000,4.0000,4.0000,4.0000,4.0000,4.0000,4.0000
1621527274.5061,657.0000,211.0000,19.0000,0.0000,0.0000,0.0000,3.0000,3.0000,3.0000,3.0000,3.0000,3.0000
1621527275.3451,657.0000,211.0000,19.0000,0.0000,0.0000,0.0000,3.0000,3.0000,3.0000,3.0000,3.0000,3.0000
1621527276.1831,624.0000,198.0000,18.0000,0.0000,0.0000,0.0000,2.0000,3.0000,3.0000,2.0000,3.0000,3.0000
1621527277.0921,624.0000,198.0000,18.0000,0.0000,0.0000,0.0000,3.0000,4.0000,4.0000,3.0000,4.0000,4.0000
1621527277.9301,624.0000,198.0000,18.0000,0.0000,0.0000,0.0000,3.0000,4.0000,4.0000,3.0000,4.0000,4.0000
1621527278.7681,639.0000,202.0000,20.0000,0.0000,0.0000,0.0000,3.0000,4.0000,4.0000,3.0000,4.0000,4.0000
1621527279.6771,639.0000,202.0000,20.0000,0.0000,0.0000,0.0000,2.0000,3.0000,3.0000,2.0000,3.0000,3.0000
1621527280.5151,639.0000,202.0000,20.0000,0.0000,0.0000,0.0000,2.0000,3.0000,3.0000,2.0000,3.0000,3.0000
1621527281.3541,675.0000,204.0000,24.0000,0.0000,0.0000,0.0000,3.0000,3.0000,3.0000,3.0000,3.0000,3.0000
1621527282.2621,675.0000,204.0000,24.0000,0.0000,0.0000,0.0000,3.0000,3.0000,3.0000,3.0000,3.0000,3.0000
1621527283.1011,675.0000,204.0000,24.0000,0.0000,0.0000,0.0000,4.0000,4.0000,4.0000,4.0000,4.0000,4.0000
1621527283.9391,654.0000,199.0000,25.0000,0.0000,0.0000,0.0000,3.0000,4.0000,4.0000,3.0000,4.0000,4.0000
1621527284.8481,654.0000,199.0000,25.0000,0.0000,0.0000,0.0000,3.0000,4.0000,4.0000,3.0000,4.0000,4.0000
1621527285.6861,654.0000,199.0000,25.0000,0.0000,0.0000,0.0000,2.0000,3.0000,3.0000,2.0000,3.0000,3.0000
1621527286.5251,666.0000,200.0000,27.0000,0.0000,0.0000,0.0000,2.0000,3.0000,3.0000,2.0000,3.0000,3.0000
1621527287.4331,666.0000,200.0000,27.0000,0.0000,0.0000,0.0000,2.0000,3.0000,3.0000,2.0000,3.0000,3.0000
1621527288.2721,666.0000,200.0000,27.0000,0.0000,0.0000,0.0000,2.0000,3.0000,3.0000,2.0000,3.0000,3.0000
1621527289.1111,696.0000,205.0000,28.0000,0.0000,0.0000,0.0000,3.0000,4.0000,4.0000,3.0000,4.0000,4.0000
1621527290.0201,696.0000,205.0000,28.0000,0.0000,0.0000,0.0000,3.0000,4.0000,4.0000,3.0000,4.0000,4.0000
1621527290.8591,696.0000,205.0000,28.0000,0.0000,0.0000,0.0000,3.0000,4.0000,4.0000,3.0000,4.0000,4.0000
1621527291.6961,702.0000,204.0000,22.0000,0.0000,0.0000,0.0000,2.0000,3.0000,3.0000,2.0000,3.0000,3.0000
1621527292.6061,702.0000,204.0000,22.0000,0.0000,0.0000,0.0000,2.0000,3.0000,3.0000,2.0000,3.0000,3.0000
1621527293.4441,702.0000,204.0000,22.0000,0.0000,0.0000,0.0000,2.0000,3.0000,3.0000,2.0000,3.0000,3.0000
1621527294.2821,702.0000,200.0000,22.0000,0.0000,0.0000,0.0000,2.0000,3.0000,3.0000,2.0000,3.0000,3.0000
1621527295.1911,702.0000,200.0000,22.0000,0.0000,0.0000,0.0000,2.0000,3.0000,3.0000,2.0000,3.0000,3.0000
1621527296.0301,702.0000,200.0000,22.0000,0.0000,0.0000,0.0000,2.0000,3.0000,3.0000,2.0000,3.0000,3.0000
1621527296.8671,765.0000,221.0000,25.0000,0.0000,0.0000,0.0000,3.0000,4.0000,4.0000,3.0000,4.0000,4.0000
1621527297.7771,765.0000,221.0000,25.0000,0.0000,0.0000,0.0000,3.0000,4.0000,4.0000,3.0000,4.0000,4.0000
1621527298.6151,765.0000,221.0000,25.0000,0.0000,0.0000,0.0000,3.0000,4.0000,4.0000,3.0000,4.0000,4.0000
1621527299.4531,810.0000,234.0000,31.0000,1.0000,0.0000,0.0000,3.0000,4.0000,4.0000,3.0000,4.0000,4.0000
1621527300.3621,810.0000,234.0000,31.0000,1.0000,0.0000,0.0000,3.0000,4.0000,4.0000,3.0000,4.0000,4.0000
1621527301.2011,810.0000,234.0000,31.0000,1.0000,0.0000,0.0000,3.0000,4.0000,4.0000,3.0000,4.0000,4.0000
1621527302.0401,867.0000,255.0000,34.0000,1.0000,0.0000,0.0000,3.0000,5.0000,5.0000,3.0000,5.0000,5.0000
1621527302.9481,867.0000,255.0000,34.0000,1.0000,0.0000,0.0000,3.0000,5.0000,5.0000,3.0000,5.0000,5.0000
1621527303.7871,867.0000,255.0000,34.0000,1.0000,0.0000,0.0000,4.0000,6.0000,6.0000,4.0000,6.0000,6.0000
1621527304.6251,915.0000,270.0000,34.0000,1.0000,0.0000,0.0000,4.0000,6.0000,6.0000,4.0000,6.0000,6.0000
1621527305.5341,915.0000,270.0000,34.0000,1.0000,0.0000,0.0000,4.0000,6.0000,6.0000,4.0000,6.0000,6.0000
1621527306.3721,915.0000,270.0000,34.0000,1.0000,0.0000,0.0000,4.0000,6.0000,6.0000,4.0000,6.0000,6.0000
1621527307.2111,885.0000,266.0000,34.0000,1.0000,0.0000,0.0000,4.0000,6.0000,6.0000,4.0000,6.0000,6.0000
1621527308.1191,885.0000,266.0000,34.0000,1.0000,0.0000,0.0000,4.0000,6.0000,6.0000,4.0000,6.0000,6.0000
1621527308.9591,885.0000,266.0000,34.0000,1.0000,0.0000,0.0000,4.0000,6.0000,6.0000,4.0000,6.0000,6.0000
1621527309.7971,873.0000,264.0000,34.0000,1.0000,0.0000,0.0000,3.0000,5.0000,5.0000,3.0000,5.0000,5.0000
1621527310.7051,873.0000,264.0000,34.0000,1.0000,0.0000,0.0000,3.0000,5.0000,5.0000,3.0000,5.0000,5.0000
1621527311.5431,873.0000,264.0000,34.0000,1.0000,0.0000,0.0000,3.0000,5.0000,5.0000,3.0000,5.0000,5.0000
1621527312.3821,858.0000,261.0000,36.0000,1.0000,0.0000,0.0000,3.0000,5.0000,5.0000,3.0000,5.0000,5.0000
1621527313.2911,858.0000,261.0000,36.0000,1.0000,0.0000,0.0000,3.0000,5.0000,5.0000,3.0000,5.0000,5.0000
1621527314.1301,858.0000,261.0000,36.0000,1.0000,0.0000,0.0000,3.0000,5.0000,5.0000,3.0000,5.0000,5.0000
1621527314.9691,846.0000,263.0000,42.0000,2.0000,1.0000,0.0000,3.0000,5.0000,6.0000,3.0000,5.0000,6.0000
1621527315.8771,846.0000,263.0000,42.0000,2.0000,1.0000,0.0000,4.0000,6.0000,7.0000,4.0000,6.0000,7.0000
1621527316.7161,846.0000,263.0000,42.0000,2.0000,1.0000,0.0000,4.0000,6.0000,7.0000,4.0000,6.0000,7.0000
1621527317.5541,807.0000,249.0000,42.0000,2.0000,1.0000,0.0000,4.0000,6.0000,7.0000,4.0000,6.0000,7.0000
1621527318.4631,807.0000,249.0000,42.0000,2.0000,1.0000,0.0000,4.0000,6.0000,7.0000,4.0000,6.0000,7.0000
1621527319.3011,807.0000,249.0000,42.0000,2.0000,1.0000,0.0000,4.0000,6.0000,7.0000,4.0000,6.0000,7.0000
1621527320.1401,738.0000,230.0000,38.0000,2.0000,1.0000,0.0000,4.0000,5.0000,6.0000,4.0000,5.0000,6.0000
1621527321.0481,738.0000,230.0000,38.0000,2.0000,1.0000,0.0000,4.0000,5.0000,6.0000,4.0000,5.0000,6.0000
1621527321.8871,738.0000,230.0000,38.0000,2.0000,1.0000,0.0000,4.0000,5.0000,6.0000,4.0000,5.0000,6.0000
1621527322.7261,726.0000,219.0000,38.0000,2.0000,1.0000,0.0000,4.0000,5.0000,6.0000,4.0000,5.0000,6.0000
1621527323.6351,726.0000,219.0000,38.0000,2.0000,1.0000,0.0000,4.0000,5.0000,6.0000,4.0000,5.0000,6.0000
1621527324.4741,726.0000,219.0000,38.0000,2.0000,1.0000,0.0000,3.0000,4.0000,5.0000,3.0000,4.0000,5.0000
1621527325.3121,702.0000,213.0000,32.0000,1.0000,1.0000,0.0000,3.0000,4.0000,4.0000,3.0000,4.0000,4.0000
1621527326.2201,702.0000,213.0000,32.0000,1.0000,1.0000,0.0000,3.0000,4.0000,4.0000,3.0000,4.0000,4.0000
1621527327.0591,702.0000,213.0000,32.0000,1.0000,1.0000,0.0000,3.0000,4.0000,4.0000,3.0000,4.0000,4.0000
1621527327.8981,657.0000,198.0000,32.0000,1.0000,1.0000,0.0000,3.0000,4.0000,5.0000,3.0000,4.0000,5.0000
1621527328.8061,657.0000,198.0000,32.0000,1.0000,1.0000,0.0000,3.0000,4.0000,5.0000,3.0000,4.0000,5.0000
1621527329.6451,657.0000,198.0000,32.0000,1.0000,1.0000,0.0000,3.0000,4.0000,5.0000,3.0000,4.0000,5.0000
1621527330.4831,633.0000,186.0000,30.0000,2.0000,1.0000,0.0000,3.0000,4.0000,5.0000,3.0000,4.0000,5.0000
1621527331.3921,633.0000,186.0000,30.0000,2.0000,1.0000,0.0000,3.0000,4.0000,5.0000,3.0000,4.0000,5.0000
1621527332.2301,633.0000,186.0000,30.0000,2.0000,1.0000,0.0000,3.0000,4.0000,5.0000,3.0000,4.0000,5.0000
1621527333.0691,612.0000,181.0000,25.0000,2.0000,1.0000,0.0000,3.0000,4.0000,4.0000,3.0000,4.0000,4.0000
1621527333.9781,612.0000,181.0000,25.0000,2.0000,1.0000,0.0000,3.0000,4.0000,4.0000,3.0000,4.0000,4.0000
1621527334.8171,612.0000,181.0000,25.0000,2.0000,1.0000,0.0000,3.0000,4.0000,4.0000,3.0000,4.0000,4.0000
1621527335.6561,600.0000,177.0000,25.0000,3.0000,2.0000,0.0000,3.0000,4.0000,5.0000,3.0000,4.0000,5.0000
1621527336.5641,600.0000,177.0000,25.0000,3.0000,2.0000,0.0000,3.0000,4.0000,5.0000,3.0000,4.0000,5.0000
1621527337.4031,600.0000,177.0000,25.0000,3.0000,2.0000,0.0000,3.0000,4.0000,5.0000,3.0000,4.0000,5.0000
1621527338.2411,552.0000,163.0000,20.0000,3.0000,2.0000,0.0000,3.0000,3.0000,4.0000,3.0000,3.0000,4.0000
1621527339.1491,552.0000,163.0000,20.0000,3.0000,2.0000,0.0000,3.0000,3.0000,4.0000,3.0000,3.0000,4.0000
1621527339.9881,552.0000,163.0000,20.0000,3.0000,2.0000,0.0000,3.0000,3.0000,4.0000,3.0000,3.0000,4.0000
1621527340.8271,552.0000,159.0000,14.0000,2.0000,1.0000,0.0000,3.0000,3.0000,3.0000,3.0000,3.0000,3.0000
1621527341.7351,552.0000,159.0000,14.0000,2.0000,1.0000,0.0000,3.0000,3.0000,3.0000,3.0000,3.0000,3.0000
1621527342.5741,552.0000,159.0000,14.0000,2.0000,1.0000,0.0000,3.0000,3.0000,3.0000,3.0000,3.0000,3.0000
1621527343.4121,582.0000,173.0000,14.0000,3.0000,1.0000,0.0000,3.0000,3.0000,4.0000,3.0000,3.0000,4.0000
1621527344.3211,582.0000,173.0000,14.0000,3.0000,1.0000,0.0000,3.0000,3.0000,4.0000,3.0000,3.0000,4.0000
1621527345.1601,582.0000,173.0000,14.0000,3.0000,1.0000,0.0000,3.0000,3.0000,4.0000,3.0000,3.0000,4.0000
1621527345.9981,606.0000,177.0000,16.0000,3.0000,1.0000,0.0000,3.0000,4.0000,4.0000,3.0000,4.0000,4.0000
1621527346.9071,606.0000,177.0000,16.0000,3.0000,1.0000,0.0000,3.0000,4.0000,4.0000,3.0000,4.0000,4.0000
1621527347.7461,606.0000,177.0000,16.0000,3.0000,1.0000,0.0000,3.0000,4.0000,4.0000,3.0000,4.0000,4.0000
1621527348.5851,561.0000,169.0000,14.0000,3.0000,1.0000,0.0000,2.0000,2.0000,3.0000,2.0000,2.0000,3.0000
1621527349.4931,561.0000,169.0000,14.0000,3.0000,1.0000,0.0000,2.0000,2.0000,3.0000,2.0000,2.0000,3.0000
1621527350.3321,561.0000,169.0000,14.0000,3.0000,1.0000,0.0000,2.0000,2.0000,3.0000,2.0000,2.0000,3.0000
1621527351.1701,546.0000,162.0000,16.0000,3.0000,1.0000,0.0000,3.0000,3.0000,4.0000,3.0000,3.0000,4.0000
1621527352.0791,546.0000,162.0000,16.0000,3.0000,1.0000,0.0000,3.0000,3.0000,4.0000,3.0000,3.0000,4.0000
1621527352.9171,546.0000,162.0000,16.0000,3.0000,1.0000,0.0000,3.0000,3.0000,4.0000,3.0000,3.0000,4.0000
1621527353.7561,561.0000,167.0000,18.0000,3.0000,1.0000,0.0000,3.0000,3.0000,4.0000,3.0000,3.0000,4.0000
1621527354.6641,561.0000,167.0000,18.0000,3.0000,1.0000,0.0000,3.0000,3.0000,4.0000,3.0000,3.0000,4.0000
1621527355.5031,561.0000,167.0000,18.0000,3.0000,1.0000,0.0000,3.0000,3.0000,4.0000,3.0000,3.0000,4.0000
1621527356.3411,567.0000,171.0000,22.0000,2.0000,1.0000,0.0000,3.0000,4.0000,4.0000,3.0000,4.0000,4.0000
1621527357.2501,567.0000,171.0000,22.0000,2.0000,1.0000,0.0000,2.0000,3.0000,3.0000,2.0000,3.0000,3.0000
1621527358.0881,567.0000,171.0000,22.0000,2.0000,1.0000,0.0000,2.0000,3.0000,3.0000,2.0000,3.0000,3.0000
1621527358.9271,618.0000,190.0000,23.0000,2.0000,1.0000,0.0000,2.0000,3.0000,4.0000,2.0000,3.0000,4.0000
1621527359.8351,618.0000,190.0000,23.0000,2.0000,1.0000,0.0000,2.0000,3.0000,4.0000,2.0000,3.0000,4.0000
1621527360.6741,618.0000,190.0000,23.0000,2.0000,1.0000,0.0000,3.0000,4.0000,5.0000,3.0000,4.0000,5.0000
1621527361.5131,657.0000,200.0000,23.0000,1.0000,0.0000,0.0000,3.0000,4.0000,4.0000,3.0000,4.0000,4.0000
1621527362.4221,657.0000,200.0000,23.0000,1.0000,0.0000,0.0000,3.0000,4.0000,4.0000,3.0000,4.0000,4.0000
1621527363.2611,657.0000,200.0000,23.0000,1.0000,0.0000,0.0000,3.0000,4.0000,4.0000,3.0000,4.0000,4.0000
1621527364.0981,750.0000,229.0000,26.0000,1.0000,0.0000,0.0000,4.0000,5.0000,5.0000,4.0000,5.0000,5.0000
1621527365.0081,750.0000,229.0000,26.0000,1.0000,0.0000,0.0000,4.0000,5.0000,5.0000,4.0000,5.0000,5.0000
1621527365.8451,750.0000,229.0000,26.0000,1.0000,0.0000,0.0000,4.0000,5.0000,5.0000,4.0000,5.0000,5.0000
1621527366.6841,717.0000,218.0000,28.0000,1.0000,0.0000,0.0000,4.0000,5.0000,5.0000,4.0000,5.0000,5.0000
1621527367.5921,717.0000,218.0000,28.0000,1.0000,0.0000,0.0000,4.0000,5.0000,5.0000,4.0000,5.0000,5.0000
1621527368.4311,717.0000,218.0000,28.0000,1.0000,0.0000,0.0000,4.0000,5.0000,5.0000,4.0000,5.0000,5.0000
1621527369.2691,699.0000,208.0000,27.0000,0.0000,0.0000,0.0000,4.0000,5.0000,5.0000,4.0000,5.0000,5.0000
1621527370.1781,699.0000,208.0000,27.0000,0.0000,0.0000,0.0000,4.0000,5.0000,5.0000,4.0000,5.0000,5.0000
1621527371.0161,699.0000,208.0000,27.0000,0.0000,0.0000,0.0000,4.0000,5.0000,5.0000,4.0000,5.0000,5.0000
1621527371.8551,663.0000,200.0000,22.0000,0.0000,0.0000,0.0000,2.0000,3.0000,3.0000,2.0000,3.0000,3.0000
1621527372.7631,663.0000,200.0000,22.0000,0.0000,0.0000,0.0000,2.0000,3.0000,3.0000,2.0000,3.0000,3.0000
1621527373.6021,663.0000,200.0000,22.0000,0.0000,0.0000,0.0000,2.0000,3.0000,3.0000,2.0000,3.0000,3.0000
1621527374.4411,726.0000,221.0000,28.0000,0.0000,0.0000,0.0000,3.0000,4.0000,4.0000,3.0000,4.0000,4.0000
1621527375.3491,726.0000,221.0000,28.0000,0.0000,0.0000,0.0000,4.0000,5.0000,5.0000,4.0000,5.0000,5.0000
1621527376.1881,726.0000,221.0000,28.0000,0.0000,0.0000,0.0000,4.0000,5.0000,5.0000,4.0000,5.0000,5.0000
1621527377.0261,783.0000,242.0000,28.0000,0.0000,0.0000,0.0000,4.0000,5.0000,5.0000,4.0000,5.0000,5.0000
1621527377.9351,783.0000,242.0000,28.0000,0.0000,0.0000,0.0000,4.0000,5.0000,5.0000,4.0000,5.0000,5.0000
1621527378.7731,783.0000,242.0000,28.0000,0.0000,0.0000,0.0000,4.0000,5.0000,5.0000,4.0000,5.0000,5.0000
1621527379.6121,762.0000,237.0000,23.0000,0.0000,0.0000,0.0000,4.0000,5.0000,5.0000,4.0000,5.0000,5.0000
1621527380.5201,762.0000,237.0000,23.0000,0.0000,0.0000,0.0000,4.0000,5.0000,5.0000,4.0000,5.0000,5.0000
1621527381.3591,762.0000,237.0000,23.0000,0.0000,0.0000,0.0000,3.0000,4.0000,4.0000,3.0000,4.0000,4.0000
1621527382.1971,738.0000,233.0000,21.0000,0.0000,0.0000,0.0000,3.0000,4.0000,4.0000,3.0000,4.0000,4.0000
1621527383.1061,738.0000,233.0000,21.0000,0.0000,0.0000,0.0000,3.0000,4.0000,4.0000,3.0000,4.0000,4.0000
1621527383.9441,738.0000,233.0000,21.0000,0.0000,0.0000,0.0000,3.0000,4.0000,4.0000,3.0000,4.0000,4.0000
1621527384.7831,720.0000,225.0000,29.0000,0.0000,0.0000,0.0000,3.0000,4.0000,4.0000,3.0000,4.0000,4.0000
1621527385.6911,720.0000,225.0000,29.0000,0.0000,0.0000,0.0000,3.0000,4.0000,4.0000,3.0000,4.0000,4.0000
1621527386.5301,720.0000,225.0000,29.0000,0.0000,0.0000,0.0000,3.0000,4.0000,4.0000,3.0000,4.0000,4.0000
1621527387.3691,744.0000,234.0000,33.0000,0.0000,0.0000,0.0000,3.0000,4.0000,4.0000,3.0000,4.0000,4.0000
1621527388.2771,744.0000,234.0000,33.0000,0.0000,0.0000,0.0000,3.0000,4.0000,4.0000,3.0000,4.0000,4.0000
1621527389.1161,744.0000,234.0000,33.0000,0.0000,0.0000,0.0000,3.0000,4.0000,4.0000,3.0000,4.0000,4.0000
1621527389.9541,687.0000,217.0000,30.0000,0.0000,0.0000,0.0000,4.0000,4.0000,4.0000,4.0000,4.0000,4.0000
1621527390.8631,687.0000,217.0000,30.0000,0.0000,0.0000,0.0000,4.0000,4.0000,4.0000,4.0000,4.0000,4.0000
1621527391.7011,687.0000,217.0000,30.0000,0.0000,0.0000,0.0000,4.0000,4.0000,4.0000,4.0000,4.0000,4.0000
1621527392.5401,738.0000,230.0000,32.0000,0.0000,0.0000,0.0000,4.0000,5.0000,5.0000,4.0000,5.0000,5.0000
1621527393.4491,738.0000,230.0000,32.0000,0.0000,0.0000,0.0000,4.0000,5.0000,5.0000,4.0000,5.0000,5.0000
1621527394.2881,738.0000,230.0000,32.0000,0.0000,0.0000,0.0000,4.0000,5.0000,5.0000,4.0000,5.0000,5.0000
1621527395.1261,807.0000,253.0000,35.0000,1.0000,1.0000,0.0000,4.0000,5.0000,6.0000,4.0000,5.0000,6.0000
1621527396.0351,807.0000,253.0000,35.0000,1.0000,1.0000,0.0000,3.0000,4.0000,5.0000,3.0000,4.0000,5.0000
1621527396.8731,807.0000,253.0000,35.0000,1.0000,1.0000,0.0000,3.0000,4.0000,5.0000,3.0000,4.0000,5.0000
1621527397.7121,837.0000,263.0000,35.0000,1.0000,1.0000,0.0000,4.0000,5.0000,5.0000,4.0000,5.0000,5.0000
1621527398.6201,837.0000,263.0000,35.0000,1.0000,1.0000,0.0000,4.0000,5.0000,5.0000,4.0000,5.0000,5.0000
1621527399.4591,837.0000,263.0000,35.0000,1.0000,1.0000,0.0000,4.0000,5.0000,5.0000,4.0000,5.0000,5.0000
1621527400.2981,843.0000,265.0000,31.0000,1.0000,1.0000,0.0000,4.0000,5.0000,5.0000,4.0000,5.0000,5.0000
1621527401.2061,843.0000,265.0000,31.0000,1.0000,1.0000,0.0000,4.0000,5.0000,5.0000,4.0000,5.0000,5.0000
1621527402.0451,843.0000,265.0000,31.0000,1.0000,1.0000,0.0000,5.0000,6.0000,6.0000,5.0000,6.0000,6.0000
1621527402.8831,774.0000,240.0000,28.0000,1.0000,1.0000,0.0000,4.0000,5.0000,5.0000,4.0000,5.0000,5.0000
1621527403.7921,774.0000,240.0000,28.0000,1.0000,1.0000,0.0000,4.0000,5.0000,5.0000,4.0000,5.0000,5.0000
1621527404.6301,774.0000,240.0000,28.0000,1.0000,1.0000,0.0000,4.0000,5.0000,5.0000,4.0000,5.0000,5.0000
1621527405.4691,786.0000,242.0000,33.0000,1.0000,1.0000,0.0000,4.0000,5.0000,5.0000,4.0000,5.0000,5.0000
1621527406.3771,786.0000,242.0000,33.0000,1.0000,1.0000,0.0000,4.0000,5.0000,5.0000,4.0000,5.0000,5.0000
1621527407.2161,786.0000,242.0000,33.0000,1.0000,1.0000,0.0000,4.0000,5.0000,5.0000,4.0000,5.0000,5.0000
1621527408.0541,777.0000,239.0000,37.0000,1.0000,1.0000,0.0000,4.0000,5.0000,6.0000,4.0000,5.0000,6.0000
1621527408.9631,777.0000,239.0000,37.0000,1.0000,1.0000,0.0000,4.0000,5.0000,6.0000,4.0000,5.0000,6.0000
1621527409.8011,777.0000,239.0000,37.0000,1.0000,1.0000,0.0000,4.0000,5.0000,6.0000,4.0000,5.0000,6.0000
1621527410.6401,759.0000,232.0000,31.0000,1.0000,1.0000,0.0000,4.0000,5.0000,5.0000,4.0000,5.0000,5.0000
1621527411.5481,759.0000,232.0000,31.0000,1.0000,1.0000,0.0000,4.0000,5.0000,5.0000,4.0000,5.0000,5.0000
1621527412.3871,759.0000,232.0000,31.0000,1.0000,1.0000,0.0000,4.0000,5.0000,5.0000,4.0000,5.0000,5.0000
1621527413.2261,708.0000,217.0000,27.0000,1.0000,1.0000,0.0000,4.0000,4.0000,5.0000,4.0000,4.0000,5.0000
1621527414.1341,708.0000,217.0000,27.0000,1.0000,1.0000,0.0000,4.0000,4.0000,5.0000,4.0000,4.0000,5.0000
1621527414.9731,708.0000,217.0000,27.0000,1.0000,1.0000,0.0000,4.0000,4.0000,5.0000,4.0000,4.0000,5.0000
1621527415.8111,729.0000,222.0000,28.0000,1.0000,1.0000,0.0000,4.0000,5.0000,5.0000,4.0000,5.0000,5.0000
1621527416.7201,729.0000,222.0000,28.0000,1.0000,1.0000,0.0000,4.0000,5.0000,5.0000,4.0000,5.0000,5.0000
1621527417.5581,729.0000,222.0000,28.0000,1.0000,1.0000,0.0000,4.0000,5.0000,5.0000,4.0000,5.0000,5.0000
1621527418.3971,690.0000,217.0000,26.0000,1.0000,1.0000,0.0000,4.0000,4.0000,5.0000,4.0000,4.0000,5.0000
1621527419.3051,690.0000,217.0000,26.0000,1.0000,1.0000,0.0000,4.0000,4.0000,5.0000,4.0000,4.0000,5.0000
1621527420.1441,690.0000,217.0000,26.0000,1.0000,1.0000,0.0000,4.0000,4.0000,5.0000,4.0000,4.0000,5.0000
1621527420.9821,615.0000,196.0000,24.0000,0.0000,0.0000,0.0000,3.0000,4.0000,4.0000,3.0000,4.0000,4.0000
1621527421.8911,615.0000,196.0000,24.0000,0.0000,0.0000,0.0000,3.0000,4.0000,4.0000,3.0000,4.0000,4.0000
1621527422.7291,615.0000,196.0000,24.0000,0.0000,0.0000,0.0000,3.0000,4.0000,4.0000,3.0000,4.0000,4.0000
1621527423.5681,621.0000,198.0000,25.0000,0.0000,0.0000,0.0000,3.0000,4.0000,4.0000,3.0000,4.0000,4.0000
1621527424.4761,621.0000,198.0000,25.0000,0.0000,0.0000,0.0000,3.0000,4.0000,4.0000,3.0000,4.0000,4.0000
1621527425.3151,621.0000,198.0000,25.0000,0.0000,0.0000,0.0000,3.0000,4.0000,4.0000,3.0000,4.0000,4.0000
1621527426.1541,603.0000,192.0000,27.0000,0.0000,0.0000,0.0000,2.0000,3.0000,3.0000,2.0000,3.0000,3.0000
1621527427.0621,603.0000,192.0000,27.0000,0.0000,0.0000,0.0000,2.0000,3.0000,3.0000,2.0000,3.0000,3.0000
1621527427.9011,603.0000,192.0000,27.0000,0.0000,0.0000,0.0000,2.0000,3.0000,3.0000,2.0000,3.0000,3.0000
1621527428.7391,642.0000,205.0000,27.0000,0.0000,0.0000,0.0000,3.0000,4.0000,4.0000,3.0000,4.0000,4.0000
1621527429.6481,642.0000,205.0000,27.0000,0.0000,0.0000,0.0000,3.0000,4.0000,4.0000,3.0000,4.0000,4.0000
1621527430.4861,642.0000,205.0000,27.0000,0.0000,0.0000,0.0000,3.0000,4.0000,4.0000,3.0000,4.0000,4.0000
1621527431.3251,636.0000,203.0000,25.0000,0.0000,0.0000,0.0000,2.0000,3.0000,3.0000,2.0000,3.0000,3.0000
1621527432.2331,636.0000,203.0000,25.0000,0.0000,0.0000,0.0000,2.0000,3.0000,3.0000,2.0000,3.0000,3.0000
1621527433.0721,636.0000,203.0000,25.0000,0.0000,0.0000,0.0000,2.0000,3.0000,3.0000,2.0000,3.0000,3.0000
1621527433.9101,663.0000,206.0000,23.0000,0.0000,0.0000,0.0000,2.0000,3.0000,3.0000,2.0000,3.0000,3.0000
1621527434.8191,663.0000,206.0000,23.0000,0.0000,0.0000,0.0000,3.0000,4.0000,4.0000,3.0000,4.0000,4.0000
1621527435.6571,663.0000,206.0000,23.0000,0.0000,0.0000,0.0000,3.0000,4.0000,4.0000,3.0000,4.0000,4.0000
1621527436.4961,657.0000,207.0000,21.0000,0.0000,0.0000,0.0000,3.0000,4.0000,4.0000,3.0000,4.0000,4.0000
1621527437.4041,657.0000,207.0000,21.0000,0.0000,0.0000,0.0000,3.0000,4.0000,4.0000,3.0000,4.0000,4.0000
1621527438.2431,657.0000,207.0000,21.0000,0.0000,0.0000,0.0000,3.0000,4.0000,4.0000,3.0000,4.0000,4.0000
1621527439.0821,720.0000,220.0000,21.0000,0.0000,0.0000,0.0000,4.0000,4.0000,4.0000,4.0000,4.0000,4.0000
1621527439.9901,720.0000,220.0000,21.0000,0.0000,0.0000,0.0000,4.0000,4.0000,4.0000,4.0000,4.0000,4.0000
1621527440.8291,720.0000,220.0000,21.0000,0.0000,0.0000,0.0000,4.0000,4.0000,4.0000,4.0000,4.0000,4.0000
1621527441.6671,687.0000,211.0000,20.0000,0.0000,0.0000,0.0000,4.0000,4.0000,4.0000,4.0000,4.0000,4.0000
1621527442.5761,687.0000,211.0000,20.0000,0.0000,0.0000,0.0000,4.0000,4.0000,4.0000,4.0000,4.0000,4.0000
1621527443.4141,687.0000,211.0000,20.0000,0.0000,0.0000,0.0000,4.0000,4.0000,4.0000,4.0000,4.0000,4.0000
1621527444.2531,708.0000,218.0000,18.0000,0.0000,0.0000,0.0000,4.0000,4.0000,4.0000,4.0000,4.0000,4.0000
1621527445.1611,708.0000,218.0000,18.0000,0.0000,0.0000,0.0000,4.0000,4.0000,4.0000,4.0000,4.0000,4.0000
1621527446.0001,708.0000,218.0000,18.0000,0.0000,0.0000,0.0000,4.0000,4.0000,4.0000,4.0000,4.0000,4.0000
1621527446.8381,714.0000,220.0000,26.0000,0.0000,0.0000,0.0000,4.0000,4.0000,4.0000,4.0000,4.0000,4.0000
1621527447.7481,714.0000,220.0000,26.0000,0.0000,0.0000,0.0000,4.0000,4.0000,4.0000,4.0000,4.0000,4.0000
1621527448.5861,714.0000,220.0000,26.0000,0.0000,0.0000,0.0000,4.0000,4.0000,4.0000,4.0000,4.0000,4.0000
1621527449.4251,723.0000,220.0000,26.0000,0.0000,0.0000,0.0000,4.0000,4.0000,4.0000,4.0000,4.0000,4.0000
1621527450.3331,723.0000,220.0000,26.0000,0.0000,0.0000,0.0000,4.0000,4.0000,4.0000,4.0000,4.0000,4.0000
1621527451.1721,723.0000,220.0000,26.0000,0.0000,0.0000,0.0000,4.0000,4.0000,4.0000,4.0000,4.0000,4.0000
1621527452.0111,729.0000,218.0000,22.0000,0.0000,0.0000,0.0000,4.0000,4.0000,4.0000,4.0000,4.0000,4.0000
1621527452.9201,729.0000,218.0000,22.0000,0.0000,0.0000,0.0000,4.0000,4.0000,4.0000,4.0000,4.0000,4.0000
1621527453.7591,729.0000,218.0000,22.0000,0.0000,0.0000,0.0000,4.0000,4.0000,4.0000,4.0000,4.0000,4.0000
1621527454.5971,690.0000,207.0000,23.0000,0.0000,0.0000,0.0000,4.0000,4.0000,4.0000,4.0000,4.0000,4.0000
1621527455.5061,690.0000,207.0000,23.0000,0.0000,0.0000,0.0000,4.0000,4.0000,4.0000,4.0000,4.0000,4.0000
1621527456.3441,690.0000,207.0000,23.0000,0.0000,0.0000,0.0000,4.0000,4.0000,4.0000,4.0000,4.0000,4.0000
1621527457.1831,741.0000,222.0000,27.0000,1.0000,1.0000,1.0000,4.0000,4.0000,5.0000,4.0000,4.0000,5.0000
1621527458.0911,741.0000,222.0000,27.0000,1.0000,1.0000,1.0000,4.0000,4.0000,5.0000,4.0000,4.0000,5.0000
1621527458.9301,741.0000,222.0000,27.0000,1.0000,1.0000,1.0000,4.0000,4.0000,5.0000,4.0000,4.0000,5.0000
1621527459.7681,702.0000,213.0000,25.0000,1.0000,1.0000,1.0000,4.0000,4.0000,5.0000,4.0000,4.0000,5.0000
1621527460.6771,702.0000,213.0000,25.0000,1.0000,1.0000,1.0000,4.0000,4.0000,5.0000,4.0000,4.0000,5.0000
1621527461.5161,702.0000,213.0000,25.0000,1.0000,1.0000,1.0000,4.0000,4.0000,5.0000,4.0000,4.0000,5.0000
1621527462.3551,732.0000,221.0000,24.0000,1.0000,1.0000,1.0000,4.0000,4.0000,5.0000,4.0000,4.0000,5.0000
1621527463.2631,732.0000,221.0000,24.0000,1.0000,1.0000,1.0000,4.0000,4.0000,5.0000,4.0000,4.0000,5.0000
1621527464.1021,732.0000,221.0000,24.0000,1.0000,1.0000,1.0000,4.0000,4.0000,5.0000,4.0000,4.0000,5.0000
1621527464.9411,696.0000,214.0000,26.0000,1.0000,1.0000,1.0000,4.0000,4.0000,5.0000,4.0000,4.0000,5.0000
1621527465.8501,696.0000,214.0000,26.0000,1.0000,1.0000,1.0000,4.0000,4.0000,5.0000,4.0000,4.0000,5.0000
1621527466.6891,696.0000,214.0000,26.0000,1.0000,1.0000,1.0000,4.0000,4.0000,5.0000,4.0000,4.0000,5.0000
1621527467.5271,747.0000,227.0000,26.0000,1.0000,1.0000,1.0000,4.0000,4.0000,5.0000,4.0000,4.0000,5.0000
1621527468.4361,747.0000,227.0000,26.0000,1.0000,1.0000,1.0000,4.0000,4.0000,5.0000,4.0000,4.0000,5.0000
1621527469.2741,747.0000,227.0000,26.0000,1.0000,1.0000,1.0000,4.0000,4.0000,5.0000,4.0000,4.0000,5.0000
1621527470.1131,753.0000,225.0000,26.0000,2.0000,2.0000,1.0000,4.0000,4.0000,5.0000,4.0000,4.0000,5.0000
1621527471.0211,753.0000,225.0000,26.0000,2.0000,2.0000,1.0000,4.0000,4.0000,5.0000,4.0000,4.0000,5.0000
1621527471.8601,753.0000,225.0000,26.0000,2.0000,2.0000,1.0000,4.0000,4.0000,5.0000,4.0000,4.0000,5.0000
1621527472.7001,810.0000,244.0000,18.0000,3.0000,2.0000,1.0000,4.0000,4.0000,6.0000,4.0000,4.0000,6.0000
1621527473.6081,810.0000,244.0000,18.0000,3.0000,2.0000,1.0000,4.0000,4.0000,6.0000,4.0000,4.0000,6.0000
1621527474.4471,810.0000,244.0000,18.0000,3.0000,2.0000,1.0000,4.0000,4.0000,6.0000,4.0000,4.0000,6.0000
1621527475.2851,816.0000,249.0000,18.0000,3.0000,2.0000,1.0000,4.0000,4.0000,6.0000,4.0000,4.0000,6.0000
1621527476.1931,816.0000,249.0000,18.0000,3.0000,2.0000,1.0000,4.0000,4.0000,6.0000,4.0000,4.0000,6.0000
1621527477.0321,816.0000,249.0000,18.0000,3.0000,2.0000,1.0000,4.0000,4.0000,6.0000,4.0000,4.0000,6.0000
1621527477.8711,858.0000,267.0000,20.0000,4.0000,2.0000,1.0000,4.0000,5.0000,7.0000,4.0000,5.0000,7.0000
1621527478.7801,858.0000,267.0000,20.0000,4.0000,2.0000,1.0000,4.0000,5.0000,7.0000,4.0000,5.0000,7.0000
1621527479.6191,858.0000,267.0000,20.0000,4.0000,2.0000,1.0000,4.0000,5.0000,7.0000,4.0000,5.0000,7.0000
1621527480.4571,870.0000,269.0000,20.0000,4.0000,2.0000,1.0000,4.0000,5.0000,7.0000,4.0000,5.0000,7.0000
1621527481.3661,870.0000,269.0000,20.0000,4.0000,2.0000,1.0000,4.0000,5.0000,7.0000,4.0000,5.0000,7.0000
1621527482.2041,870.0000,269.0000,20.0000,4.0000,2.0000,1.0000,4.0000,5.0000,7.0000,4.0000,5.0000,7.0000
1621527483.0431,825.0000,252.0000,14.0000,3.0000,1.0000,0.0000,4.0000,5.0000,5.0000,4.0000,5.0000,5.0000
1621527483.9521,825.0000,252.0000,14.0000,3.0000,1.0000,0.0000,4.0000,5.0000,5.0000,4.0000,5.0000,5.0000
1621527484.7911,825.0000,252.0000,14.0000,3.0000,1.0000,0.0000,4.0000,5.0000,5.0000,4.0000,5.0000,5.0000
1621527485.6301,801.0000,246.0000,11.0000,3.0000,1.0000,0.0000,4.0000,5.0000,5.0000,4.0000,5.0000,5.0000
1621527486.5381,801.0000,246.0000,11.0000,3.0000,1.0000,0.0000,4.0000,5.0000,5.0000,4.0000,5.0000,5.0000
1621527487.3771,801.0000,246.0000,11.0000,3.0000,1.0000,0.0000,4.0000,5.0000,5.0000,4.0000,5.0000,5.0000
1621527488.2151,777.0000,240.0000,12.0000,3.0000,1.0000,0.0000,4.0000,5.0000,5.0000,4.0000,5.0000,5.0000
1621527489.1251,777.0000,240.0000,12.0000,3.0000,1.0000,0.0000,4.0000,5.0000,5.0000,4.0000,5.0000,5.0000
1621527489.9631,777.0000,240.0000,12.0000,3.0000,1.0000,0.0000,4.0000,5.0000,5.0000,4.0000,5.0000,5.0000
1621527490.8021,750.0000,234.0000,12.0000,3.0000,1.0000,0.0000,4.0000,5.0000,5.0000,4.0000,5.0000,5.0000
1621527491.7101,750.0000,234.0000,12.0000,3.0000,1.0000,0.0000,4.0000,5.0000,5.0000,4.0000,5.0000,5.0000
1621527492.5491,750.0000,234.0000,12.0000,3.0000,1.0000,0.0000,4.0000,5.0000,5.0000,4.0000,5.0000,5.0000
1621527493.3871,738.0000,230.0000,15.0000,3.0000,1.0000,0.0000,4.0000,5.0000,6.0000,4.0000,5.0000,6.0000
1621527494.2961,738.0000,230.0000,15.0000,3.0000,1.0000,0.0000,4.0000,5.0000,6.0000,4.0000,5.0000,6.0000
1621527495.1341,738.0000,230.0000,15.0000,3.0000,1.0000,0.0000,4.0000,5.0000,6.0000,4.0000,5.0000,6.0000
1621527495.9731,720.0000,225.0000,17.0000,2.0000,0.0000,0.0000,4.0000,5.0000,5.0000,4.0000,5.0000,5.0000
1621527496.8811,720.0000,225.0000,17.0000,2.0000,0.0000,0.0000,4.0000,5.0000,5.0000,4.0000,5.0000,5.0000
1621527497.7201,720.0000,225.0000,17.0000,2.0000,0.0000,0.0000,4.0000,5.0000,5.0000,4.0000,5.0000,5.0000
1621527498.5591,663.0000,204.0000,17.0000,1.0000,0.0000,0.0000,4.0000,4.0000,4.0000,4.0000,4.0000,4.0000
1621527499.4681,663.0000,204.0000,17.0000,1.0000,0.0000,0.0000,4.0000,4.0000,4.0000,4.0000,4.0000,4.0000
1621527500.3071,663.0000,204.0000,17.0000,1.0000,0.0000,0.0000,4.0000,4.0000,4.0000,4.0000,4.0000,4.0000
1621527501.1451,669.0000,204.0000,17.0000,1.0000,0.0000,0.0000,4.0000,4.0000,4.0000,4.0000,4.0000,4.0000
1621527502.0541,669.0000,204.0000,17.0000,1.0000,0.0000,0.0000,4.0000,4.0000,4.0000,4.0000,4.0000,4.0000
1621527502.8921,669.0000,204.0000,17.0000,1.0000,0.0000,0.0000,4.0000,4.0000,4.0000,4.0000,4.0000,4.0000
1621527503.7311,609.0000,183.0000,17.0000,0.0000,0.0000,0.0000,3.0000,4.0000,4.0000,3.0000,4.0000,4.0000
1621527504.6391,609.0000,183.0000,17.0000,0.0000,0.0000,0.0000,3.0000,4.0000,4.0000,3.0000,4.0000,4.0000
1621527505.4781,609.0000,183.0000,17.0000,0.0000,0.0000,0.0000,3.0000,4.0000,4.0000,3.0000,4.0000,4.0000
1621527506.3161,636.0000,192.0000,23.0000,0.0000,0.0000,0.0000,3.0000,4.0000,4.0000,3.0000,4.0000,4.0000
1621527507.2261,636.0000,192.0000,23.0000,0.0000,0.0000,0.0000,3.0000,4.0000,4.0000,3.0000,4.0000,4.0000
1621527508.0641,636.0000,192.0000,23.0000,0.0000,0.0000,0.0000,3.0000,4.0000,4.0000,3.0000,4.0000,4.0000
1621527508.9031,657.0000,205.0000,25.0000,0.0000,0.0000,0.0000,3.0000,4.0000,4.0000,3.0000,4.0000,4.0000
1621527509.8111,657.0000,205.0000,25.0000,0.0000,0.0000,0.0000,3.0000,4.0000,4.0000,3.0000,4.0000,4.0000
1621527510.6501,657.0000,205.0000,25.0000,0.0000,0.0000,0.0000,3.0000,4.0000,4.0000,3.0000,4.0000,4.0000
1621527511.4891,693.0000,215.0000,25.0000,0.0000,0.0000,0.0000,3.0000,4.0000,4.0000,3.0000,4.0000,4.0000
1621527512.3971,693.0000,215.0000,25.0000,0.0000,0.0000,0.0000,3.0000,4.0000,4.0000,3.0000,4.0000,4.0000
1621527513.2361,693.0000,215.0000,25.0000,0.0000,0.0000,0.0000,3.0000,4.0000,4.0000,3.0000,4.0000,4.0000
1621527514.0741,687.0000,210.0000,27.0000,0.0000,0.0000,0.0000,3.0000,4.0000,4.0000,3.0000,4.0000,4.0000
1621527514.9841,687.0000,210.0000,27.0000,0.0000,0.0000,0.0000,3.0000,4.0000,4.0000,3.0000,4.0000,4.0000
1621527515.8221,687.0000,210.0000,27.0000,0.0000,0.0000,0.0000,3.0000,4.0000,4.0000,3.0000,4.0000,4.0000
1621527516.6611,726.0000,221.0000,27.0000,0.0000,0.0000,0.0000,4.0000,5.0000,5.0000,4.0000,5.0000,5.0000
1621527517.5691,726.0000,221.0000,27.0000,0.0000,0.0000,0.0000,4.0000,5.0000,5.0000,4.0000,5.0000,5.0000
1621527518.4081,726.0000,221.0000,27.0000,0.0000,0.0000,0.0000,4.0000,5.0000,5.0000,4.0000,5.0000,5.0000
1621527519.2471,693.0000,214.0000,27.0000,0.0000,0.0000,0.0000,3.0000,4.0000,4.0000,3.0000,4.0000,4.0000
1621527520.1551,693.0000,214.0000,27.0000,0.0000,0.0000,0.0000,3.0000,4.0000,4.0000,3.0000,4.0000,4.0000
1621527520.9941,693.0000,214.0000,27.0000,0.0000,0.0000,0.0000,3.0000,4.0000,4.0000,3.0000,4.0000,4.0000
1621527521.8331,711.0000,223.0000,27.0000,0.0000,0.0000,0.0000,4.0000,5.0000,5.0000,4.0000,5.0000,5.0000
1621527522.7411,711.0000,223.0000,27.0000,0.0000,0.0000,0.0000,4.0000,5.0000,5.0000,4.0000,5.0000,5.0000
1621527523.5801,711.0000,223.0000,27.0000,0.0000,0.0000,0.0000,4.0000,5.0000,5.0000,4.0000,5.0000,5.0000
1621527524.4191,729.0000,231.0000,27.0000,0.0000,0.0000,0.0000,4.0000,5.0000,5.0000,4.0000,5.0000,5.0000
1621527525.3271,729.0000,231.0000,27.0000,0.0000,0.0000,0.0000,4.0000,5.0000,5.0000,4.0000,5.0000,5.0000
1621527526.1661,729.0000,231.0000,27.0000,0.0000,0.0000,0.0000,4.0000,5.0000,5.0000,4.0000,5.0000,5.0000
1621527527.0041,711.0000,226.0000,29.0000,0.0000,0.0000,0.0000,4.0000,5.0000,5.0000,4.0000,5.0000,5.0000
1621527527.9131,711.0000,226.0000,29.0000,0.0000,0.0000,0.0000,4.0000,5.0000,5.0000,4.0000,5.0000,5.0000
1621527528.7511,711.0000,226.0000,29.0000,0.0000,0.0000,0.0000,4.0000,5.0000,5.0000,4.0000,5.0000,5.0000
1621527529.5901,747.0000,237.0000,33.0000,0.0000,0.0000,0.0000,4.0000,5.0000,5.0000,4.0000,5.0000,5.0000
1621527530.4991,747.0000,237.0000,33.0000,0.0000,0.0000,0.0000,4.0000,5.0000,5.0000,4.0000,5.0000,5.0000
1621527531.3381,747.0000,237.0000,33.0000,0.0000,0.0000,0.0000,4.0000,5.0000,5.0000,4.0000,5.0000,5.0000
1621527532.1771,735.0000,235.0000,37.0000,1.0000,0.0000,0.0000,4.0000,5.0000,5.0000,4.0000,5.0000,5.0000
1621527533.0851,735.0000,235.0000,37.0000,1.0000,0.0000,0.0000,4.0000,5.0000,5.0000,4.0000,5.0000,5.0000
1621527533.9231,735.0000,235.0000,37.0000,1.0000,0.0000,0.0000,4.0000,5.0000,5.0000,4.0000,5.0000,5.0000
1621527534.7621,717.0000,229.0000,35.0000,1.0000,0.0000,0.0000,4.0000,5.0000,5.0000,4.0000,5.0000,5.0000
1621527535.6701,717.0000,229.0000,35.0000,1.0000,0.0000,0.0000,4.0000,5.0000,5.0000,4.0000,5.0000,5.0000
1621527536.5091,717.0000,229.0000,35.0000,1.0000,0.0000,0.0000,4.0000,5.0000,5.0000,4.0000,5.0000,5.0000
1621527537.3481,738.0000,234.0000,36.0000,1.0000,0.0000,0.0000,4.0000,6.0000,6.0000,4.0000,6.0000,6.0000
1621527538.2571,738.0000,234.0000,36.0000,1.0000,0.0000,0.0000,4.0000,6.0000,6.0000,4.0000,6.0000,6.0000
1621527539.0961,738.0000,234.0000,36.0000,1.0000,0.0000,0.0000,4.0000,6.0000,6.0000,4.0000,6.0000,6.0000
1621527539.9341,729.0000,232.0000,36.0000,1.0000,0.0000,0.0000,4.0000,6.0000,6.0000,4.0000,6.0000,6.0000
1621527540.8431,729.0000,232.0000,36.0000,1.0000,0.0000,0.0000,4.0000,6.0000,6.0000,4.0000,6.0000,6.0000
1621527541.6811,729.0000,232.0000,36.0000,1.0000,0.0000,0.0000,4.0000,6.0000,6.0000,4.0000,6.0000,6.0000
1621527542.5201,717.0000,230.0000,34.0000,1.0000,0.0000,0.0000,4.0000,5.0000,5.0000,4.0000,5.0000,5.0000
1621527543.4281,717.0000,230.0000,34.0000,1.0000,0.0000,0.0000,4.0000,5.0000,5.0000,4.0000,5.0000,5.0000
1621527544.2671,717.0000,230.0000,34.0000,1.0000,0.0000,0.0000,4.0000,5.0000,5.0000,4.0000,5.0000,5.0000
1621527545.1061,735.0000,236.0000,34.0000,1.0000,0.0000,0.0000,4.0000,5.0000,5.0000,4.0000,5.0000,5.0000
1621527546.0141,735.0000,236.0000,34.0000,1.0000,0.0000,0.0000,4.0000,5.0000,5.0000,4.0000,5.0000,5.0000
1621527546.8531,735.0000,236.0000,34.0000,1.0000,0.0000,0.0000,4.0000,5.0000,5.0000,4.0000,5.0000,5.0000
1621527547.6911,735.0000,232.0000,38.0000,2.0000,0.0000,0.0000,3.0000,5.0000,5.0000,3.0000,5.0000,5.0000
1621527548.6001,735.0000,232.0000,38.0000,2.0000,0.0000,0.0000,3.0000,5.0000,5.0000,3.0000,5.0000,5.0000
1621527549.4391,735.0000,232.0000,38.0000,2.0000,0.0000,0.0000,3.0000,5.0000,5.0000,3.0000,5.0000,5.0000
1621527550.2781,711.0000,220.0000,40.0000,2.0000,0.0000,0.0000,2.0000,5.0000,5.0000,2.0000,5.0000,5.0000
1621527551.1861,711.0000,220.0000,40.0000,2.0000,0.0000,0.0000,2.0000,5.0000,5.0000,2.0000,5.0000,5.0000
1621527552.0251,711.0000,220.0000,40.0000,2.0000,0.0000,0.0000,2.0000,5.0000,5.0000,2.0000,5.0000,5.0000
1621527552.8631,735.0000,227.0000,44.0000,2.0000,0.0000,0.0000,3.0000,5.0000,5.0000,3.0000,5.0000,5.0000
1621527553.7731,735.0000,227.0000,44.0000,2.0000,0.0000,0.0000,4.0000,6.0000,6.0000,4.0000,6.0000,6.0000
1621527554.6111,735.0000,227.0000,44.0000,2.0000,0.0000,0.0000,4.0000,6.0000,6.0000,4.0000,6.0000,6.0000
1621527555.4501,672.0000,208.0000,38.0000,2.0000,0.0000,0.0000,4.0000,5.0000,5.0000,4.0000,5.0000,5.0000
1621527556.3581,672.0000,208.0000,38.0000,2.0000,0.0000,0.0000,3.0000,4.0000,4.0000,3.0000,4.0000,4.0000
1621527557.1971,672.0000,208.0000,38.0000,2.0000,0.0000,0.0000,3.0000,4.0000,4.0000,3.0000,4.0000,4.0000
1621527558.0361,702.0000,216.0000,34.0000,1.0000,0.0000,0.0000,2.0000,4.0000,4.0000,2.0000,4.0000,4.0000
1621527558.9451,702.0000,216.0000,34.0000,1.0000,0.0000,0.0000,2.0000,4.0000,4.0000,2.0000,4.0000,4.0000
1621527559.7841,702.0000,216.0000,34.0000,1.0000,0.0000,0.0000,3.0000,5.0000,5.0000,3.0000,5.0000,5.0000
1621527560.6221,681.0000,209.0000,36.0000,1.0000,0.0000,0.0000,3.0000,5.0000,5.0000,3.0000,5.0000,5.0000
1621527561.5311,681.0000,209.0000,36.0000,1.0000,0.0000,0.0000,3.0000,5.0000,5.0000,3.0000,5.0000,5.0000
1621527562.3691,681.0000,209.0000,36.0000,1.0000,0.0000,0.0000,2.0000,4.0000,4.0000,2.0000,4.0000,4.0000
1621527563.2081,663.0000,207.0000,36.0000,1.0000,0.0000,0.0000,2.0000,4.0000,4.0000,2.0000,4.0000,4.0000
1621527564.1161,663.0000,207.0000,36.0000,1.0000,0.0000,0.0000,2.0000,4.0000,4.0000,2.0000,4.0000,4.0000
1621527564.9551,663.0000,207.0000,36.0000,1.0000,0.0000,0.0000,2.0000,4.0000,4.0000,2.0000,4.0000,4.0000
1621527565.7931,690.0000,218.0000,33.0000,1.0000,0.0000,0.0000,2.0000,4.0000,4.0000,2.0000,4.0000,4.0000
1621527566.7021,690.0000,218.0000,33.0000,1.0000,0.0000,0.0000,2.0000,4.0000,4.0000,2.0000,4.0000,4.0000
1621527567.5401,690.0000,218.0000,33.0000,1.0000,0.0000,0.0000,2.0000,4.0000,4.0000,2.0000,4.0000,4.0000
1621527568.3791,663.0000,209.0000,33.0000,1.0000,0.0000,0.0000,2.0000,4.0000,4.0000,2.0000,4.0000,4.0000
1621527569.2871,663.0000,209.0000,33.0000,1.0000,0.0000,0.0000,2.0000,4.0000,4.0000,2.0000,4.0000,4.0000
1621527570.1261,663.0000,209.0000,33.0000,1.0000,0.0000,0.0000,2.0000,4.0000,4.0000,2.0000,4.0000,4.0000
1621527570.9651,702.0000,222.0000,33.0000,2.0000,0.0000,0.0000,2.0000,4.0000,4.0000,2.0000,4.0000,4.0000
1621527571.8741,702.0000,222.0000,33.0000,2.0000,0.0000,0.0000,3.0000,5.0000,5.0000,3.0000,5.0000,5.0000
1621527572.7131,702.0000,222.0000,33.0000,2.0000,0.0000,0.0000,3.0000,5.0000,5.0000,3.0000,5.0000,5.0000
1621527573.5511,663.0000,211.0000,26.0000,1.0000,0.0000,0.0000,3.0000,4.0000,4.0000,3.0000,4.0000,4.0000
1621527574.4591,663.0000,211.0000,26.0000,1.0000,0.0000,0.0000,3.0000,4.0000,4.0000,3.0000,4.0000,4.0000
1621527575.2971,663.0000,211.0000,26.0000,1.0000,0.0000,0.0000,3.0000,4.0000,4.0000,3.0000,4.0000,4.0000
1621527576.1361,681.0000,215.0000,24.0000,1.0000,0.0000,0.0000,3.0000,4.0000,4.0000,3.0000,4.0000,4.0000
1621527577.0441,681.0000,215.0000,24.0000,1.0000,0.0000,0.0000,3.0000,4.0000,4.0000,3.0000,4.0000,4.0000
1621527577.8831,681.0000,215.0000,24.0000,1.0000,0.0000,0.0000,3.0000,4.0000,4.0000,3.0000,4.0000,4.0000
1621527578.7211,693.0000,217.0000,20.0000,1.0000,0.0000,0.0000,3.0000,4.0000,4.0000,3.0000,4.0000,4.0000
1621527579.6301,693.0000,217.0000,20.0000,1.0000,0.0000,0.0000,3.0000,4.0000,4.0000,3.0000,4.0000,4.0000
1621527580.4681,693.0000,217.0000,20.0000,1.0000,0.0000,0.0000,3.0000,4.0000,4.0000,3.0000,4.0000,4.0000
1621527581.3071,705.0000,221.0000,20.0000,1.0000,0.0000,0.0000,3.0000,4.0000,4.0000,3.0000,4.0000,4.0000
1621527582.2151,705.0000,221.0000,20.0000,1.0000,0.0000,0.0000,3.0000,4.0000,4.0000,3.0000,4.0000,4.0000
1621527583.0541,705.0000,221.0000,20.0000,1.0000,0.0000,0.0000,3.0000,4.0000,4.0000,3.0000,4.0000,4.0000
1621527583.8931,648.0000,204.0000,16.0000,1.0000,0.0000,0.0000,2.0000,3.0000,3.0000,2.0000,3.0000,3.0000
1621527584.8011,648.0000,204.0000,16.0000,1.0000,0.0000,0.0000,2.0000,3.0000,3.0000,2.0000,3.0000,3.0000
1621527585.6401,648.0000,204.0000,16.0000,1.0000,0.0000,0.0000,2.0000,3.0000,3.0000,2.0000,3.0000,3.0000
1621527586.4781,654.0000,206.0000,13.0000,1.0000,0.0000,0.0000,3.0000,4.0000,4.0000,3.0000,4.0000,4.0000
1621527587.3871,654.0000,206.0000,13.0000,1.0000,0.0000,0.0000,3.0000,4.0000,4.0000,3.0000,4.0000,4.0000
1621527588.2251,654.0000,206.0000,13.0000,1.0000,0.0000,0.0000,3.0000,4.0000,4.0000,3.0000,4.0000,4.0000
1621527589.0641,645.0000,203.0000,13.0000,1.0000,0.0000,0.0000,2.0000,3.0000,3.0000,2.0000,3.0000,3.0000
1621527589.9721,645.0000,203.0000,13.0000,1.0000,0.0000,0.0000,2.0000,3.0000,3.0000,2.0000,3.0000,3.0000
1621527590.8111,645.0000,203.0000,13.0000,1.0000,0.0000,0.0000,2.0000,3.0000,3.0000,2.0000,3.0000,3.0000
1621527591.6491,657.0000,207.0000,16.0000,1.0000,0.0000,0.0000,2.0000,3.0000,3.0000,2.0000,3.0000,3.0000
1621527592.5591,657.0000,207.0000,16.0000,1.0000,0.0000,0.0000,3.0000,4.0000,4.0000,3.0000,4.0000,4.0000
1621527593.3971,657.0000,207.0000,16.0000,1.0000,0.0000,0.0000,3.0000,4.0000,4.0000,3.0000,4.0000,4.0000
1621527594.2361,633.0000,197.0000,15.0000,1.0000,0.0000,0.0000,3.0000,4.0000,4.0000,3.0000,4.0000,4.0000
1621527595.1441,633.0000,197.0000,15.0000,1.0000,0.0000,0.0000,2.0000,3.0000,3.0000,2.0000,3.0000,3.0000
1621527595.9831,633.0000,197.0000,15.0000,1.0000,0.0000,0.0000,2.0000,3.0000,3.0000,2.0000,3.0000,3.0000
1621527596.8221,615.0000,189.0000,13.0000,0.0000,0.0000,0.0000,2.0000,2.0000,2.0000,2.0000,2.0000,2.0000
1621527597.7301,615.0000,189.0000,13.0000,0.0000,0.0000,0.0000,2.0000,2.0000,2.0000,2.0000,2.0000,2.0000
1621527598.5691,615.0000,189.0000,13.0000,0.0000,0.0000,0.0000,2.0000,2.0000,2.0000,2.0000,2.0000,2.0000
1621527599.4071,630.0000,191.0000,13.0000,0.0000,0.0000,0.0000,2.0000,2.0000,2.0000,2.0000,2.0000,2.0000
1621527600.3161,630.0000,191.0000,13.0000,0.0000,0.0000,0.0000,2.0000,2.0000,2.0000,2.0000,2.0000,2.0000
1621527601.1541,630.0000,191.0000,13.0000,0.0000,0.0000,0.0000,2.0000,2.0000,2.0000,2.0000,2.0000,2.0000
1621527601.9931,657.0000,206.0000,13.0000,0.0000,0.0000,0.0000,2.0000,3.0000,3.0000,2.0000,3.0000,3.0000
1621527602.9021,657.0000,206.0000,13.0000,0.0000,0.0000,0.0000,2.0000,3.0000,3.0000,2.0000,3.0000,3.0000
1621527603.7411,657.0000,206.0000,13.0000,0.0000,0.0000,0.0000,2.0000,3.0000,3.0000,2.0000,3.0000,3.0000
1621527604.5791,651.0000,204.0000,13.0000,0.0000,0.0000,0.0000,3.0000,4.0000,4.0000,3.0000,4.0000,4.0000
1621527605.4881,651.0000,204.0000,13.0000,0.0000,0.0000,0.0000,3.0000,4.0000,4.0000,3.0000,4.0000,4.0000
1621527606.3261,651.0000,204.0000,13.0000,0.0000,0.0000,0.0000,3.0000,4.0000,4.0000,3.0000,4.0000,4.0000
1621527607.1651,678.0000,213.0000,15.0000,0.0000,0.0000,0.0000,4.0000,4.0000,4.0000,4.0000,4.0000,4.0000
1621527608.0731,678.0000,213.0000,15.0000,0.0000,0.0000,0.0000,4.0000,4.0000,4.0000,4.0000,4.0000,4.0000
1621527608.9121,678.0000,213.0000,15.0000,0.0000,0.0000,0.0000,4.0000,4.0000,4.0000,4.0000,4.0000,4.0000
1621527609.7511,705.0000,220.0000,15.0000,0.0000,0.0000,0.0000,4.0000,4.0000,4.0000,4.0000,4.0000,4.0000
1621527610.6601,705.0000,220.0000,15.0000,0.0000,0.0000,0.0000,4.0000,4.0000,4.0000,4.0000,4.0000,4.0000
1621527611.4991,705.0000,220.0000,15.0000,0.0000,0.0000,0.0000,4.0000,4.0000,4.0000,4.0000,4.0000,4.0000
1621527612.3371,717.0000,222.0000,16.0000,0.0000,0.0000,0.0000,4.0000,4.0000,4.0000,4.0000,4.0000,4.0000
1621527613.2461,717.0000,222.0000,16.0000,0.0000,0.0000,0.0000,4.0000,4.0000,4.0000,4.0000,4.0000,4.0000
1621527614.0841,717.0000,222.0000,16.0000,0.0000,0.0000,0.0000,4.0000,4.0000,4.0000,4.0000,4.0000,4.0000
1621527614.9231,705.0000,214.0000,15.0000,0.0000,0.0000,0.0000,4.0000,4.0000,4.0000,4.0000,4.0000,4.0000
1621527615.8311,705.0000,214.0000,15.0000,0.0000,0.0000,0.0000,4.0000,4.0000,4.0000,4.0000,4.0000,4.0000
1621527616.6701,705.0000,214.0000,15.0000,0.0000,0.0000,0.0000,4.0000,4.0000,4.0000,4.0000,4.0000,4.0000
1621527617.5091,675.0000,203.0000,12.0000,0.0000,0.0000,0.0000,3.0000,4.0000,4.0000,3.0000,4.0000,4.0000
1621527618.4171,675.0000,203.0000,12.0000,0.0000,0.0000,0.0000,3.0000,4.0000,4.0000,3.0000,4.0000,4.0000
1621527619.2551,675.0000,203.0000,12.0000,0.0000,0.0000,0.0000,3.0000,4.0000,4.0000,3.0000,4.0000,4.0000
1621527620.0941,786.0000,240.0000,13.0000,0.0000,0.0000,0.0000,4.0000,4.0000,4.0000,4.0000,4.0000,4.0000
1621527621.0021,786.0000,240.0000,13.0000,0.0000,0.0000,0.0000,4.0000,4.0000,4.0000,4.0000,4.0000,4.0000
1621527621.8411,786.0000,240.0000,13.0000,0.0000,0.0000,0.0000,4.0000,4.0000,4.0000,4.0000,4.0000,4.0000
1621527622.6801,792.0000,242.0000,15.0000,0.0000,0.0000,0.0000,4.0000,5.0000,5.0000,4.0000,5.0000,5.0000
1621527623.5881,792.0000,242.0000,15.0000,0.0000,0.0000,0.0000,4.0000,5.0000,5.0000,4.0000,5.0000,5.0000
1621527624.4271,792.0000,242.0000,15.0000,0.0000,0.0000,0.0000,4.0000,5.0000,5.0000,4.0000,5.0000,5.0000
1621527625.2651,789.0000,240.0000,15.0000,0.0000,0.0000,0.0000,4.0000,5.0000,5.0000,4.0000,5.0000,5.0000
1621527626.1741,789.0000,240.0000,15.0000,0.0000,0.0000,0.0000,4.0000,5.0000,5.0000,4.0000,5.0000,5.0000
1621527627.0121,789.0000,240.0000,15.0000,0.0000,0.0000,0.0000,4.0000,5.0000,5.0000,4.0000,5.0000,5.0000
1621527627.8511,783.0000,234.0000,23.0000,0.0000,0.0000,0.0000,4.0000,5.0000,5.0000,4.0000,5.0000,5.0000
1621527628.7591,783.0000,234.0000,23.0000,0.0000,0.0000,0.0000,4.0000,5.0000,5.0000,4.0000,5.0000,5.0000
1621527629.5981,783.0000,234.0000,23.0000,0.0000,0.0000,0.0000,4.0000,5.0000,5.0000,4.0000,5.0000,5.0000
1621527630.4371,801.0000,240.0000,25.0000,0.0000,0.0000,0.0000,4.0000,5.0000,5.0000,4.0000,5.0000,5.0000
1621527631.3461,801.0000,240.0000,25.0000,0.0000,0.0000,0.0000,4.0000,5.0000,5.0000,4.0000,5.0000,5.0000
1621527632.1841,801.0000,240.0000,25.0000,0.0000,0.0000,0.0000,4.0000,5.0000,5.0000,4.0000,5.0000,5.0000
1621527633.0231,807.0000,240.0000,23.0000,0.0000,0.0000,0.0000,4.0000,5.0000,5.0000,4.0000,5.0000,5.0000
1621527633.9311,807.0000,240.0000,23.0000,0.0000,0.0000,0.0000,3.0000,4.0000,4.0000,3.0000,4.0000,4.0000
1621527634.7701,807.0000,240.0000,23.0000,0.0000,0.0000,0.0000,3.0000,4.0000,4.0000,3.0000,4.0000,4.0000
1621527635.6081,855.0000,258.0000,25.0000,0.0000,0.0000,0.0000,3.0000,4.0000,4.0000,3.0000,4.0000,4.0000
1621527636.5171,855.0000,258.0000,25.0000,0.0000,0.0000,0.0000,3.0000,4.0000,4.0000,3.0000,4.0000,4.0000
1621527637.3561,855.0000,258.0000,25.0000,0.0000,0.0000,0.0000,4.0000,5.0000,5.0000,4.0000,5.0000,5.0000
1621527638.1941,837.0000,254.0000,25.0000,0.0000,0.0000,0.0000,4.0000,5.0000,5.0000,4.0000,5.0000,5.0000
1621527639.1031,837.0000,254.0000,25.0000,0.0000,0.0000,0.0000,4.0000,5.0000,5.0000,4.0000,5.0000,5.0000
1621527639.9411,837.0000,254.0000,25.0000,0.0000,0.0000,0.0000,4.0000,5.0000,5.0000,4.0000,5.0000,5.0000
1621527640.7801,918.0000,279.0000,32.0000,0.0000,0.0000,0.0000,5.0000,6.0000,6.0000,5.0000,6.0000,6.0000
1621527641.6881,918.0000,279.0000,32.0000,0.0000,0.0000,0.0000,5.0000,6.0000,6.0000,5.0000,6.0000,6.0000
1621527642.5271,918.0000,279.0000,32.0000,0.0000,0.0000,0.0000,5.0000,6.0000,6.0000,5.0000,6.0000,6.0000
1621527643.3661,936.0000,286.0000,39.0000,1.0000,0.0000,0.0000,5.0000,7.0000,7.0000,5.0000,7.0000,7.0000
1621527644.2741,936.0000,286.0000,39.0000,1.0000,0.0000,0.0000,5.0000,7.0000,7.0000,5.0000,7.0000,7.0000
1621527645.1121,936.0000,286.0000,39.0000,1.0000,0.0000,0.0000,5.0000,7.0000,7.0000,5.0000,7.0000,7.0000
1621527645.9511,894.0000,272.0000,49.0000,1.0000,0.0000,0.0000,4.0000,6.0000,6.0000,4.0000,6.0000,6.0000
1621527646.8591,894.0000,272.0000,49.0000,1.0000,0.0000,0.0000,4.0000,6.0000,6.0000,4.0000,6.0000,6.0000
1621527647.6981,894.0000,272.0000,49.0000,1.0000,0.0000,0.0000,4.0000,6.0000,6.0000,4.0000,6.0000,6.0000
1621527648.5371,870.0000,265.0000,46.0000,1.0000,0.0000,0.0000,4.0000,5.0000,5.0000,4.0000,5.0000,5.0000
1621527649.4451,870.0000,265.0000,46.0000,1.0000,0.0000,0.0000,4.0000,5.0000,5.0000,4.0000,5.0000,5.0000
1621527650.2841,870.0000,265.0000,46.0000,1.0000,0.0000,0.0000,4.0000,5.0000,5.0000,4.0000,5.0000,5.0000
1621527651.1221,870.0000,271.0000,46.0000,1.0000,0.0000,0.0000,4.0000,5.0000,5.0000,4.0000,5.0000,5.0000
1621527652.0311,870.0000,271.0000,46.0000,1.0000,0.0000,0.0000,5.0000,6.0000,6.0000,5.0000,6.0000,6.0000
1621527652.8691,870.0000,271.0000,46.0000,1.0000,0.0000,0.0000,5.0000,6.0000,6.0000,5.0000,6.0000,6.0000
1621527653.7081,906.0000,283.0000,42.0000,1.0000,0.0000,0.0000,5.0000,7.0000,7.0000,5.0000,7.0000,7.0000
1621527654.6161,906.0000,283.0000,42.0000,1.0000,0.0000,0.0000,5.0000,7.0000,7.0000,5.0000,7.0000,7.0000
1621527655.4551,906.0000,283.0000,42.0000,1.0000,0.0000,0.0000,5.0000,7.0000,7.0000,5.0000,7.0000,7.0000
1621527656.2941,882.0000,275.0000,42.0000,1.0000,0.0000,0.0000,5.0000,6.0000,6.0000,5.0000,6.0000,6.0000
1621527657.2021,882.0000,275.0000,42.0000,1.0000,0.0000,0.0000,5.0000,6.0000,6.0000,5.0000,6.0000,6.0000
1621527658.0401,882.0000,275.0000,42.0000,1.0000,0.0000,0.0000,5.0000,6.0000,6.0000,5.0000,6.0000,6.0000
1621527658.8791,831.0000,256.0000,41.0000,1.0000,0.0000,0.0000,4.0000,6.0000,6.0000,4.0000,6.0000,6.0000
1621527659.7871,831.0000,256.0000,41.0000,1.0000,0.0000,0.0000,4.0000,6.0000,6.0000,4.0000,6.0000,6.0000
1621527660.6261,831.0000,256.0000,41.0000,1.0000,0.0000,0.0000,3.0000,5.0000,5.0000,3.0000,5.0000,5.0000
